,Date,cf_200,cf_2000
0,2018-01-01,0.3032429637295138,0.0253890810321676
1,2018-01-03,0.8725107689987512,0.3912948580581191
2,2018-01-08,0.6861730317321797,0.1120667871589637
3,2018-01-11,0.4812805725074867,0.0854074908411301
4,2018-01-16,0.0216624401507231,0.0034312035366204
5,2018-01-18,0.4124226158634819,0.0274356617346584
6,2018-01-21,0.5591281758964836,0.0439247744666663
7,2018-01-23,0.5077915693682269,0.045628163993385
8,2018-01-28,0.0127390400698722,0.0
9,2018-01-31,0.35405629623259,0.0269715807539411
10,2018-02-05,0.0444977112429992,0.0034104351972551
11,2018-02-07,0.6390211887271838,0.1971472348953453
12,2018-02-10,0.8609772803613422,0.4520874934918178
13,2018-02-12,0.5579283083388641,0.2265319285090893
14,2018-02-15,0.5462692184354944,0.3890662349107487
15,2018-02-17,0.0061057042904319,0.0013966566774589
16,2018-02-20,0.4908549294597844,0.2257756862904085
17,2018-02-22,0.7476234155299296,0.2135676669894258
18,2018-02-25,0.6801267484585056,0.1310321221016855
19,2018-02-27,0.0,0.0
20,2018-03-02,0.5711594675665161,0.0406266464838971
21,2018-03-04,0.6452926141866924,0.2623118208986392
22,2018-03-07,0.4765345173500499,0.2531296343343044
23,2018-03-09,0.0798484180199593,0.0023887792332553
24,2018-03-12,0.0687586589578821,0.003230171657687
25,2018-03-14,0.0,0.0
26,2018-03-17,0.0,0.0
27,2018-03-19,0.0814332964798025,0.010537993553038
28,2018-03-22,0.5900909647191996,0.1518232709201044
29,2018-03-24,0.4821723435184335,0.053533213785587
30,2018-03-27,0.5231278860316675,0.293105100656555
31,2018-03-29,0.7274922600266046,0.163936292983121
32,2018-04-01,0.4070234231874103,0.2541166531858329
33,2018-04-03,0.8299297934490804,0.4008617641500531
34,2018-04-06,0.0900740628959521,0.0281589909263981
35,2018-04-08,0.0,0.0
36,2018-04-11,0.0939960063448963,0.030090978307299
37,2018-04-13,0.1942643743240748,0.0539620228637355
38,2018-04-18,0.8104069330937971,0.2260753753545667
39,2018-04-21,0.0,0.0
40,2018-04-23,0.5039527041813934,0.1207604369440278
41,2018-04-26,0.2883420715210941,0.0431558103025808
42,2018-04-28,0.0424809061166019,0.0018871307269624
43,2018-05-01,0.1413642748986805,0.0038868459220188
44,2018-05-03,0.0,0.0
45,2018-05-06,0.1620811242492888,0.0389104132789899
46,2018-05-08,0.770793017832578,0.2697882413939309
47,2018-05-11,0.5082520947008564,0.4121328853649975
48,2018-05-13,0.6957777552020552,0.1564615010468338
49,2018-05-16,0.1313703076462957,0.0517496041349775
50,2018-05-18,0.5846609017788174,0.2765011684883725
51,2018-05-21,0.9342935743065058,0.5993872371555282
52,2018-05-23,0.4781887018997692,0.1174754322650099
53,2018-05-26,0.6135264738929446,0.238275490337019
54,2018-05-28,0.0,0.0
55,2018-05-31,0.0,0.0
56,2018-06-02,0.3475508931958506,0.0569058514910388
57,2018-06-05,0.3941533836229327,0.1493500615715355
58,2018-06-07,0.7312007011165,0.1115031461254972
59,2018-06-10,0.0,0.0
60,2018-06-12,0.3450043919686725,0.1713623554891402
61,2018-06-15,0.8191218497706984,0.2860527405784782
62,2018-06-17,0.3674271091987239,0.1542599969276917
63,2018-06-20,0.002215933313705,0.0
64,2018-06-22,0.6470697860409421,0.3041247128872839
65,2018-06-25,0.8146292947870797,0.5677487784294625
66,2018-06-27,0.8879607746164594,0.2154427488759973
67,2018-06-30,0.0218278905232508,0.0002273255930593528
68,2018-07-02,0.8489366304282447,0.3352358640717021
69,2018-07-05,0.0,0.0
70,2018-07-07,0.1109648025095341,0.0084230617594758
71,2018-07-10,0.5940776429678528,0.2899767807792223
72,2018-07-12,0.1881885128053333,0.0574249713870361
73,2018-07-15,0.0,0.0
74,2018-07-17,2.7660017813051477e-06,0.0
75,2018-07-20,0.7985501919034523,0.40030541180523
76,2018-07-22,0.6996610228560343,0.1486924836581168
77,2018-07-25,0.809406098292346,0.5291431200959584
78,2018-07-27,0.2820282960348271,0.0874160938985778
79,2018-07-30,0.7675636986455842,0.4352148912326686
80,2018-08-01,0.0285615736800206,0.0088006053826067
81,2018-08-04,0.7923722740980761,0.3631841584480809
82,2018-08-06,0.2390980014008959,0.0624842571734868
83,2018-08-09,0.5429648149933571,0.4374942088540181
84,2018-08-14,0.1328955182375842,0.0728332297483441
85,2018-08-16,0.1177271587902129,0.0032972795087709
86,2018-08-19,0.5026225174364473,0.0960526951969752
87,2018-08-21,0.7603207735887271,0.3909983893591329
88,2018-08-24,0.0395397236814615,0.0164416396696691
89,2018-08-26,0.7024082112214806,0.1801631892388194
90,2018-08-29,0.0,0.0
91,2018-08-31,0.517238360709584,0.1345799503244018
92,2018-09-03,0.5406801269634426,0.2014368127922682
93,2018-09-05,0.2675601113936995,0.0580956089724467
94,2018-09-08,0.6081301552598167,0.4596399983228776
95,2018-09-10,0.0,0.0
96,2018-09-13,0.7154505076831922,0.3230076682104009
97,2018-09-15,0.0,0.0
98,2018-09-18,0.6675136429197387,0.3110069776244453
99,2018-09-25,0.8455058712828458,0.4472752506891955
100,2018-09-28,0.6179592252165342,0.2218842505807942
101,2018-09-30,0.3604262388149445,0.1470532092750721
102,2018-10-03,0.2463749658268497,0.1083662711053283
103,2018-10-05,0.6174293891278487,0.4170972754233297
104,2018-10-08,0.6976090305589303,0.2562653757248549
105,2018-10-10,0.0283399220629788,0.0036049244472797
106,2018-10-13,0.0,0.0
107,2018-10-15,0.6341314066470226,0.4381335442489418
108,2018-10-18,0.3042564777869731,0.0604033361368114
109,2018-10-20,0.0015305705993751,0.0
110,2018-10-23,0.7819303287156869,0.4526996377750054
111,2018-10-25,0.6099291162576852,0.1538215127937245
112,2018-10-28,0.6205979617599122,0.2483602006331724
113,2018-10-30,0.8642352834125016,0.7669854768958321
114,2018-11-02,0.7282604229482557,0.1545265404076383
115,2018-11-04,0.6884057753513003,0.1436130106407611
116,2018-11-07,0.5230817051595661,0.1394330388464126
117,2018-11-09,0.1397981903151789,0.0318862311279897
118,2018-11-12,0.0,0.0
119,2018-11-14,0.6267813100132067,0.1836617492775031
120,2018-11-17,0.5386989146759712,0.079169108030225
121,2018-11-19,0.5698377465347595,0.1043332683632888
122,2018-11-22,0.4567884020811696,0.1032323731296542
123,2018-11-24,0.0722367775298117,0.00600635611629
124,2018-11-27,0.0131076420219641,0.0006108772766835473
125,2018-11-29,0.8751871563622797,0.4741579252771877
126,2018-12-02,0.7275931339803252,0.1264625304469513
127,2018-12-04,0.432331364397361,0.1205832727268123
128,2018-12-09,0.4258251248177864,0.0679678281681182
129,2018-12-12,0.167709316597969,0.0151092512172464
130,2018-12-14,0.0,0.0
131,2018-12-17,0.7075969502510984,0.2029196813262148
132,2018-12-19,0.2991956912994695,0.0591723626634265
133,2018-12-22,0.5516860226745554,0.0247066033603195
134,2018-12-24,0.67131139439363,0.1616334705692842
135,2018-12-27,0.6942353289538032,0.1372519950175364
136,2018-12-29,0.5964146644930791,0.2227266772913572
137,2019-01-01,0.2416196880524271,0.1261703432861864
138,2019-01-03,0.1393143429934717,0.0165690077398964
139,2019-01-06,0.5904023232054806,0.1900441604788786
140,2019-01-08,0.1447051811655822,0.0330331836853246
141,2019-01-11,0.3135223002301354,0.0733096875264029
142,2019-01-13,0.0354447992077596,0.0055078669020432
143,2019-01-16,0.0244297281969263,0.0005186608563043355
144,2019-01-18,0.8045126059698495,0.712236503073
145,2019-01-21,0.552416015774107,0.0716062334917317
146,2019-01-23,0.863525939153552,0.6774360759787287
147,2019-01-26,0.150668825573681,0.0530547630795015
148,2019-01-28,0.9583970179356002,0.8322275683512217
149,2019-01-31,0.5916417888532257,0.0646352726161591
150,2019-02-02,0.7594640735042796,0.6288154618792449
151,2019-02-05,0.1390884372580421,0.0419708293330269
152,2019-02-07,0.3745186587187574,0.1507996119158797
153,2019-02-10,0.9045853330943164,0.6009033736217471
154,2019-02-12,0.6493328998205888,0.1554848200314248
155,2019-02-15,0.4815374176746077,0.1095870435698489
156,2019-02-17,1.3206583587571073e-07,0.0
157,2019-02-20,0.6386273194345006,0.110184985375975
158,2019-02-22,0.8900913813197214,0.468311316297436
159,2019-02-25,0.9271289627687996,0.5563416275695758
160,2019-02-27,0.7105874844351571,0.147404816586277
161,2019-03-02,0.4511358555987511,0.239833814315677
162,2019-03-04,0.6408142255455469,0.0444627087121973
163,2019-03-07,0.9711961779563182,0.7865884338046922
164,2019-03-09,0.0191274847524546,8.109987382986841e-06
165,2019-03-12,0.514639856234852,0.1016242790260596
166,2019-03-14,0.6745449200615001,0.2300894500419907
167,2019-03-17,0.0,0.0
168,2019-03-19,0.6403884733496074,0.269249342107173
169,2019-03-22,0.4157350210150776,0.0250807176680146
170,2019-03-24,0.5928525448701222,0.0378859873981934
171,2019-03-27,0.7525614404695052,0.1456593682100227
172,2019-03-29,0.544187513899386,0.09180056383109
173,2019-04-01,0.1980119559628303,0.092311213741402
174,2019-04-03,0.0003435654490869694,0.0
175,2019-04-06,0.4323953213447827,0.2001513072363616
176,2019-04-08,0.7181161889682675,0.1432904765966593
177,2019-04-11,0.6912030305492088,0.1343347221680013
178,2019-04-13,0.4620515104453223,0.0722894047263236
179,2019-04-16,0.5159622608582688,0.099120356113725
180,2019-04-18,0.3167923942615873,0.1186914959229744
181,2019-04-21,0.5512994083719399,0.4090858533237468
182,2019-04-23,0.3604340896769237,0.1253888970724982
183,2019-04-26,0.1815278647348586,0.0142513568222813
184,2019-04-28,0.7316372042307052,0.1136490929407883
185,2019-05-01,0.6493594115515211,0.171830962571956
186,2019-05-03,0.7820478577783831,0.2101599860743349
187,2019-05-06,0.1569579722034418,0.0555888617691426
188,2019-05-08,0.2189282122136462,0.0399293716449078
189,2019-05-11,0.1755295184731457,0.0685561365225416
190,2019-05-13,0.192591435691472,0.0604752661570277
191,2019-05-16,0.9078310852723488,0.609755690805139
192,2019-05-18,0.0008046643631797614,0.0
193,2019-05-21,0.0209757308734239,0.0087461221176969
194,2019-05-23,0.7338755336376989,0.1363510770554243
195,2019-05-26,0.8269894187051666,0.3063526861391394
196,2019-05-28,0.3228519071099984,0.1589252509116672
197,2019-05-31,0.6826481052604629,0.0874337856362682
198,2019-06-02,0.6192057406301096,0.2819940385509976
199,2019-06-05,0.0,0.0
200,2019-06-07,0.1266973735044541,0.0354322674456759
201,2019-06-10,0.9155260566223156,0.6252796044062016
202,2019-06-12,0.3986297898528523,0.0259746748187965
203,2019-06-15,0.3832903413229283,0.1092452020340074
204,2019-06-17,0.5744601508034698,0.3108224732268849
205,2019-06-20,0.0,0.0
206,2019-06-22,0.7809586435022436,0.2274427467576591
207,2019-06-25,1.0982312984937757e-06,0.0
208,2019-06-27,0.5351057902763736,0.1316056514692041
209,2019-06-30,0.727637958850249,0.2022850024432037
210,2019-07-02,0.7426707742290508,0.1535982995089443
211,2019-07-05,0.7593941696158314,0.2262982430515659
212,2019-07-07,0.6467842421608134,0.2632550833026951
213,2019-07-10,0.2319408362663182,0.1008690819000366
214,2019-07-12,0.1002192513480013,0.0415575773556544
215,2019-07-15,0.9437366956726972,0.8391449070871102
216,2019-07-17,0.0313516179908074,0.0112722287929578
217,2019-07-20,0.0546152932986094,0.0078484118138373
218,2019-07-22,0.656677761660042,0.2851479464558462
219,2019-07-25,0.6637087507470721,0.2913825837734335
220,2019-07-27,0.8501571948498579,0.4313852066068819
221,2019-07-30,0.7145551770408951,0.2614675615360735
222,2019-08-01,0.8150610722955685,0.2543801049867494
223,2019-08-04,0.6133719954075778,0.3112992127592627
224,2019-08-06,0.254535990751893,0.0937361557456255
225,2019-08-09,0.8065868585301591,0.3143862153228416
226,2019-08-11,0.2706524208193017,0.1235077898678597
227,2019-08-14,0.6417582838510473,0.2369750720645055
228,2019-08-16,0.4910717546858449,0.1216152461227913
229,2019-08-19,0.7701761537019178,0.4146344774512855
230,2019-08-21,0.8496729504383448,0.4886701638178972
231,2019-08-24,0.3674807661105501,0.1075986254561235
232,2019-08-26,0.0,0.0
233,2019-08-29,0.7440942957269044,0.321431186729003
234,2019-08-31,0.7216249053606761,0.2474394417092798
235,2019-09-03,0.073206162301273,0.0155732560702198
236,2019-09-05,0.5943993466191404,0.2263164335091152
237,2019-09-08,0.4728531218448356,0.1900327087696201
238,2019-09-10,0.3412176696571739,0.1072710377578376
239,2019-09-13,0.8880965316313765,0.6296077770513482
240,2019-09-15,0.0128495724419517,0.0011428655646644
241,2019-09-18,0.7592171685859876,0.3225076101575661
242,2019-09-20,0.0,0.0
243,2019-09-23,0.0389784026540481,0.0046529473973422
244,2019-09-25,0.0072318204473173,6.333152057719322e-05
245,2019-09-28,0.6402646014736623,0.2941278857633
246,2019-09-30,0.8198176310502397,0.2105801527252706
247,2019-10-03,0.0,0.0
248,2019-10-05,0.8145935981492128,0.6365146030320445
249,2019-10-08,0.1326777865860606,0.0716874268076573
250,2019-10-10,0.5102957010042162,0.3488594707014755
251,2019-10-13,0.6402520650574988,0.3113161485510495
252,2019-10-15,0.0454447966406284,0.0226694626745819
253,2019-10-18,0.6759180387701843,0.3749459472618907
254,2019-10-20,0.743237994575145,0.1823528036198964
255,2019-10-23,0.5845691987594022,0.130541628819175
256,2019-10-25,0.1327939429986173,0.0494490648484577
257,2019-10-28,0.8218145558255456,0.3949926223659152
258,2019-10-30,0.2122853747560516,0.0935805972826911
259,2019-11-02,0.2733043995236053,0.0353968523604542
260,2019-11-04,0.6228206628580856,0.2219683607510208
261,2019-11-07,0.1728781804054062,0.0224880732781915
262,2019-11-09,0.5410189601791306,0.2142692591362437
263,2019-11-12,0.6924250215072082,0.1505977053487421
264,2019-11-14,0.2314647126444274,0.0236291964648538
265,2019-11-17,0.6741233181177174,0.1583231515743814
266,2019-11-19,0.1666124522735935,0.0750515935896443
267,2019-11-22,0.0285586198080511,0.001490784984885
268,2019-11-24,0.1537529127410999,0.0367710469618148
269,2019-11-27,0.0,0.0
270,2019-11-29,0.6216183305251344,0.0328446890537702
271,2019-12-02,0.8664107291269985,0.332638326692007
272,2019-12-04,0.0923026359953982,0.0511318667680783
273,2019-12-07,0.0961615295623395,0.0288517314059647
274,2019-12-09,0.8148614006970978,0.2515421159328311
275,2019-12-12,0.1732160720893901,0.0317758315442419
276,2019-12-14,0.7391755320933482,0.273336069213819
277,2019-12-17,0.71177690073463,0.1783869827298092
278,2019-12-19,0.7183169755925091,0.1533456669965931
279,2019-12-22,0.854605147977837,0.7093780746438376
280,2019-12-24,0.4079728483850135,0.1310480721953102
281,2019-12-27,0.4578072672438755,0.1714008437756922
282,2019-12-29,0.301972039672175,0.0674135577926792
283,2020-01-01,0.1500464641997326,0.0374736997182405
284,2020-01-03,0.224216127340763,0.0427397429100619
285,2020-01-06,0.2258469448949103,0.0223653067524937
286,2020-01-08,0.6369849719851383,0.0526562205821891
287,2020-01-11,0.5470525913192776,0.1286335127853645
288,2020-01-13,0.7194375203138147,0.4087387909590051
289,2020-01-16,0.7965631178612017,0.5062773139641503
290,2020-01-18,0.3772063760654143,0.1069352698028043
291,2020-01-21,0.5056925055711993,0.1389055021019996
292,2020-01-23,0.2832628279776839,0.0230970691599969
293,2020-01-26,0.0173631704214051,0.0004864821883233295
294,2020-01-28,0.9327566699684514,0.7709104688149481
295,2020-02-02,0.997958108553578,0.994628476648489
296,2020-02-05,0.1195866062128977,0.0194150415672407
297,2020-02-07,0.3824541086934986,0.0723939725096359
298,2020-02-10,0.3305766058932906,0.0475659111045675
299,2020-02-12,0.5288497638532269,0.0844763367072867
300,2020-02-15,0.3175855629760924,0.1501125591032661
301,2020-02-17,0.657221792265099,0.1436115129595623
302,2020-02-20,0.4043776146767327,0.1171679736351942
303,2020-02-22,0.4385590299688792,0.0862905784726232
304,2020-02-25,0.7120565229420351,0.172997779527754
305,2020-02-27,0.3468284102837146,0.0578840391014252
306,2020-03-01,0.7164492192259089,0.5423053276751523
307,2020-03-03,0.7149577181173008,0.3752769410354323
308,2020-03-06,0.5057239426829938,0.1436582109956038
309,2020-03-08,0.7066004290839075,0.2394413584601333
310,2020-03-11,0.6629970854145656,0.0717497969242601
311,2020-03-13,0.3075943974844375,0.0213500816998882
312,2020-03-16,0.7340517251424405,0.1107422105721617
313,2020-03-18,0.6508029317392485,0.2248922747253244
314,2020-03-21,0.8894429895404317,0.5939349708410805
315,2020-03-23,0.58308272577965,0.1830585354764229
316,2020-03-26,0.4065650484204317,0.119270944695963
317,2020-03-28,0.6381894315386479,0.2360166428478923
318,2020-03-31,0.581169498224818,0.2300003935106516
319,2020-04-02,0.0860504619189294,0.0425905001068434
320,2020-04-05,0.607340533494271,0.0607740520221733
321,2020-04-07,0.746301208324631,0.1060877871710369
322,2020-04-10,0.5860354868277451,0.2584521548760524
323,2020-04-15,0.6752470192666299,0.0965704585440912
324,2020-04-17,0.5568417624132477,0.3150890144479616
325,2020-04-20,0.7043468499604029,0.3400792172066151
326,2020-04-22,0.7301068788961462,0.0779089791759495
327,2020-04-25,0.5307261510612715,0.202501446298811
328,2020-04-27,0.2596938140494296,0.0425493291803282
329,2020-04-30,0.5930572652259544,0.1528792393559763
330,2020-05-02,0.537685615948561,0.0618411729502014
331,2020-05-05,0.8190970176345705,0.3950370511346617
332,2020-05-07,0.2831510861948818,0.1608551715357691
333,2020-05-10,0.4311332157131325,0.1957657002888271
334,2020-05-12,0.1351215089635523,0.0319583845826282
335,2020-05-15,0.6351996004899286,0.3755834102027752
336,2020-05-17,0.0997901265416703,0.0167937780288186
337,2020-05-20,0.2651849269151512,0.0367844350779786
338,2020-05-22,0.4374437211809606,0.1157308755516543
339,2020-05-25,0.1886893873464878,0.0460113445265198
340,2020-05-27,0.8347588764063297,0.3623479418929478
341,2020-05-30,0.7066620507300643,0.1730382545674637
342,2020-06-01,0.8244914695384016,0.1968223880030659
343,2020-06-04,0.6563757863134785,0.2103256122332427
344,2020-06-06,0.721733042112714,0.3211287153231724
345,2020-06-09,0.1936324209997252,0.0096508394824197
346,2020-06-11,0.0842761677017144,0.0352092691716256
347,2020-06-14,0.3622802043756076,0.1027394396037295
348,2020-06-16,0.311840605243947,0.0384566180575253
349,2020-06-19,0.7091856789730426,0.1695544761451756
350,2020-06-21,0.8214297092583451,0.386496177681841
351,2020-06-24,0.5940746745033332,0.2448278305810713
352,2020-06-26,0.6566244560431157,0.0649244274147657
353,2020-06-29,0.3895289170892957,0.2101742762536056
354,2020-07-01,0.6048826022399738,0.1273020088584052
355,2020-07-04,0.93917581358253,0.6870860433023074
356,2020-07-06,0.7695844919607562,0.1698519665905374
357,2020-07-09,0.5912726361306875,0.2750774069748716
358,2020-07-11,0.1675636242113518,0.0392069425127041
359,2020-07-14,0.7432562670460564,0.2325299309680484
360,2020-07-16,0.0582260529158954,0.0120241514982248
361,2020-07-19,0.5397972599889878,0.130339608876445
362,2020-07-21,0.6787104462430266,0.1523248340789677
363,2020-07-24,0.5303996479867679,0.1940205283423496
364,2020-07-26,0.8079717778542845,0.1511358678548973
365,2020-07-29,0.8351168583413646,0.2768643005927229
366,2020-07-31,0.6825629306452998,0.0864433713493509
367,2020-08-03,0.732127795794541,0.3205402918021799
368,2020-08-05,0.1661599924666108,0.0346052373367042
369,2020-08-08,0.4272755062432711,0.3334879397160609
370,2020-08-10,0.6920486467818061,0.2539431990265072
371,2020-08-13,0.8487724171059933,0.4875897086160822
372,2020-08-15,0.0014334877576262,0.0
373,2020-08-18,0.8532663291311565,0.5147841339599791
374,2020-08-20,0.4454436779749053,0.2811950302452379
375,2020-08-23,0.9254103972779828,0.7406056232457962
376,2020-08-25,0.6375351142994714,0.3552061988473424
377,2020-08-28,0.8670210654808159,0.4823143723609293
378,2020-08-30,0.9958152403140662,0.9718298699739962
379,2020-09-02,0.0,0.0
380,2020-09-04,0.8836985928803337,0.6081897388820924
381,2020-09-07,0.8519760923374432,0.4754776125382975
382,2020-09-09,0.6634832996875167,0.1539393264820446
383,2020-09-12,0.7489399620335165,0.5698730886207235
384,2020-09-14,0.7487567293725764,0.2187206456708907
385,2020-09-17,0.3431301976512063,0.1464218383688204
386,2020-09-19,0.0607326133097161,0.0333730395774495
387,2020-09-22,0.8125242161954657,0.3849172194655008
388,2020-09-24,0.0,0.0
389,2020-09-27,0.0675160482828304,0.0237975543467866
390,2020-09-29,0.4282823364257407,0.1230475263643531
391,2020-10-02,0.6571430064971673,0.3013592736281603
392,2020-10-04,0.0,0.0
393,2020-10-07,0.6047890123791452,0.139844866157769
394,2020-10-09,0.4050080137322587,0.2530242099551295
395,2020-10-12,0.6531594177762282,0.0572820454045359
396,2020-10-14,0.0,0.0
397,2020-10-17,0.4338463176414026,0.1744026631098747
398,2020-10-19,0.0189420167230178,0.0017309073802287
399,2020-10-24,0.4895299088303673,0.1301054421479374
400,2020-10-27,5.404288056923712e-05,0.0
401,2020-10-29,0.6437899295862095,0.3067397132741308
402,2020-11-01,0.2515146727323964,0.0540543018336068
403,2020-11-03,0.4865278359165279,0.176229096103619
404,2020-11-06,0.7778929593287562,0.3026466492000905
405,2020-11-08,0.7580163218924233,0.1708256539291909
406,2020-11-11,0.6584272364492877,0.2413663413146025
407,2020-11-13,0.1693551407357235,0.0439487616860875
408,2020-11-21,0.4724234576589796,0.0388818704674231
409,2020-11-23,0.152627453061541,0.0157318310652725
410,2020-11-26,0.0,0.0
411,2020-11-28,0.218638852454444,0.0821814049775943
412,2020-12-01,0.4469562101833926,0.1423148047884898
413,2020-12-03,0.8209079872813105,0.3828071479064823
414,2020-12-06,0.4093694684690837,0.0724858664621823
415,2020-12-08,0.7786455398166416,0.1710681349787589
416,2020-12-11,0.6922707211253117,0.0889508273860962
417,2020-12-13,0.304435797874269,0.029828659018308
418,2020-12-16,0.6784255452468457,0.1955294916434738
419,2020-12-18,0.6263482105660674,0.0745134973597096
420,2020-12-21,0.7681019302742899,0.1681314147572245
421,2020-12-23,0.6479208776240094,0.1716886900226989
422,2020-12-26,0.5154391582368014,0.0237597771831734
423,2020-12-31,0.6938015223132488,0.0971944000166989
424,2021-01-02,0.6541026261099505,0.1921242498604089
425,2021-01-05,0.6271601323441983,0.1172275557680748
426,2021-01-07,0.3259867857031228,0.0569363753273239
427,2021-01-10,0.8036353888215886,0.3036729527842149
428,2021-01-12,0.3606830532191337,0.0567664574158505
429,2021-01-15,0.5367395125763837,0.0492158131368024
430,2021-01-17,0.2427507038923637,0.0621341622005691
431,2021-01-20,0.7773536635946389,0.1964925775234896
432,2021-01-22,0.645122357821559,0.3332904904997968
433,2021-01-25,0.2937325835415746,0.1775936736433874
434,2021-01-27,0.7306690126175709,0.0998004666812749
435,2021-01-30,0.730156569116099,0.1606732725120702
436,2021-02-01,0.6189320240224078,0.0595061474605111
437,2021-02-04,0.0110500308670402,0.0010326353138078
438,2021-02-06,0.0710793860480711,0.0350112902250763
439,2021-02-09,0.9955863277547704,0.9631656649518956
440,2021-02-11,0.6020485790834655,0.1679918363092686
441,2021-02-14,0.8560260649048287,0.267364414124512
442,2021-02-16,0.7275033009714159,0.0846334929167465
443,2021-02-19,0.6624754476789889,0.1166496835172524
444,2021-02-21,0.7075282694449275,0.1912150586876141
445,2021-02-24,0.3902556246634949,0.0999553502037049
446,2021-02-26,0.8290546721129366,0.3380262535304796
447,2021-03-01,0.4906298654188155,0.030308121184353
448,2021-03-03,0.408147094159871,0.0336413367781387
449,2021-03-06,0.6732718934084783,0.19877295226759
450,2021-03-08,0.0572808874963813,0.0148674683063945
451,2021-03-11,0.5913412014723631,0.0502585574860675
452,2021-03-13,0.863586989757626,0.4855160764388823
453,2021-03-16,0.2710076763472631,0.0345660303981941
454,2021-03-18,0.5746646223404205,0.0877914910103787
455,2021-03-21,0.4593498624530636,0.1464258861746491
456,2021-03-23,0.0,0.0
457,2021-03-26,0.1926500455779742,0.0257535071257227
458,2021-03-28,0.0071478934762982,0.0
459,2021-03-31,0.0109509145085283,0.0025846654278118
460,2021-04-02,0.3668621648791753,0.1169304279096839
461,2021-04-05,0.854373733432099,0.523774421375526
462,2021-04-07,0.8564278485885876,0.4772409350809509
463,2021-04-10,0.2237789718386547,0.1559829696265248
464,2021-04-12,0.9160173772494014,0.6033093663163733
465,2021-04-15,0.7634812785279261,0.3134127019505872
466,2021-04-17,0.6577027236279094,0.1186617826118553
467,2021-04-20,0.0,0.0
468,2021-04-22,0.2783132246542267,0.0758415074759956
469,2021-04-25,0.7932078382470558,0.5809459670172451
470,2021-04-27,0.8218100416358336,0.5173863840245739
471,2021-04-30,0.2636108733667883,0.1215827632500433
472,2021-05-02,0.285788390609886,0.1061784789307276
473,2021-05-05,0.2896476262943061,0.0699162153707014
474,2021-05-07,0.5158449198182731,0.1124678519559267
475,2021-05-10,0.0063086802303352,6.384496121781362e-05
476,2021-05-12,0.0,0.0
477,2021-05-15,0.6180538204182173,0.2933422224500634
478,2021-05-17,0.7857679535561668,0.2700191185473717
479,2021-05-20,0.0051752707468635,0.00020884727285406905
480,2021-05-22,0.0,0.0
481,2021-05-25,0.020549415125549,0.000910173751190374
482,2021-05-27,0.4333448526053994,0.0342769899178204
483,2021-05-30,0.8304654188942807,0.4067156709793695
484,2021-06-01,0.7310533520102024,0.2082686848493154
485,2021-06-04,0.0018618098719684,0.0
486,2021-06-06,0.8107298495336481,0.3398200596277339
487,2021-06-09,0.673324294656727,0.1701000002171228
488,2021-06-11,0.6527347852826814,0.1241085621234194
489,2021-06-14,0.676749553411376,0.0750665948274275
490,2021-06-16,0.4799374808847041,0.0315701199003775
491,2021-06-19,0.5272053648884955,0.1123278257180239
492,2021-06-21,0.7414585091883175,0.334897999549628
493,2021-06-24,0.516424208324262,0.1377244450170014
494,2021-06-26,0.5785319041133498,0.0320421599789086
495,2021-06-29,0.243342583082888,0.0695841660501488
496,2021-07-01,0.7666662045245191,0.2724836557451799
497,2021-07-04,0.4213199823963707,0.1922706538033954
498,2021-07-06,0.0576581294202122,0.0027540790178205
499,2021-07-09,0.0,0.0
500,2021-07-11,0.6686012271822597,0.117024904727383
501,2021-07-14,0.8692736143326133,0.3786349791556604
502,2021-07-16,0.3703048954893398,0.0582205265005185
503,2021-07-19,0.0,0.0
504,2021-07-21,0.8495792564487358,0.2932531890034356
505,2021-07-24,0.8565780969584659,0.326606142895837
506,2021-07-26,0.0205313037276023,0.0012806112105801
507,2021-07-29,0.0230384113562681,0.0008069582094948627
508,2021-07-31,0.4034456834541687,0.1254107965355788
509,2021-08-03,0.7193949107570833,0.4872077879568418
510,2021-08-05,0.2854243778482612,0.1097975370578619
511,2021-08-10,0.096300671219447,0.0169508809694519
512,2021-08-13,0.1305242259082156,0.0296360690852558
513,2021-08-15,0.4056968921785687,0.2483027942402074
514,2021-08-18,0.6930709667560028,0.3401028735072104
515,2021-08-20,0.7630577578355761,0.1278495411675001
516,2021-08-23,0.8879522513700797,0.4729317328843103
517,2021-08-25,0.0183558594262348,0.0014876338137008
518,2021-08-28,0.2026380801988198,0.079267606194237
519,2021-08-30,0.6123972687583656,0.2043259999612979
520,2021-09-02,0.7206273963046499,0.4775183898363422
521,2021-09-04,0.2664655988719694,0.1062812675877457
522,2021-09-07,0.0007364614618325954,0.0
523,2021-09-09,0.8703188379920809,0.4151365671850818
524,2021-09-12,0.0496198724373215,0.0032684740266872
525,2021-09-14,0.0,0.0
526,2021-09-17,0.3679763251514518,0.1494628639908062
527,2021-09-19,0.0,0.0
528,2021-09-22,0.0,0.0
529,2021-09-24,0.4529833572776539,0.2791868419833057
530,2021-09-27,0.2765090332892343,0.1019314366469524
531,2021-09-29,0.6729514264346435,0.2133005211963864
532,2021-10-02,0.8162357861373756,0.5044398429200245
533,2021-10-04,0.0459605730690424,0.0099520200818637
534,2021-10-07,0.5377450113629983,0.1056664914428958
535,2021-10-09,0.1393161430520655,0.0298657127998273
536,2021-10-12,0.641569231014002,0.2983926919684372
537,2021-10-14,0.0902499948725253,0.0173860370285046
538,2021-10-17,0.4145340002465129,0.0942614998361976
539,2021-10-19,9.430558183497716e-05,0.0
540,2021-10-22,0.8843934123653101,0.5373379328426132
541,2021-10-24,0.2426365098693698,0.0569375344390832
542,2021-10-27,0.5942324354616826,0.3013595098943081
543,2021-10-29,0.0,0.0
544,2021-11-01,0.0318207630520889,0.0099754345224059
545,2021-11-06,0.6534803715082809,0.2295940940210555
546,2021-11-08,0.5322141074587446,0.0401842510446984
547,2021-11-11,0.5872642349662274,0.2180930973332604
548,2021-11-13,0.207204988447214,0.0237408918480758
549,2021-11-16,0.5516222687905308,0.0281921683831608
550,2021-11-18,0.7804198339238562,0.2924142391831595
551,2021-11-21,0.5859548732556729,0.0247076611006685
552,2021-11-23,0.6144765844291822,0.0907385407220275
553,2021-11-26,0.0,0.0
554,2021-11-28,0.4955727761049637,0.0349579287711009
555,2021-12-01,0.6859290761685873,0.0860607706268075
556,2021-12-03,0.0,0.0
557,2021-12-06,0.6701684661338648,0.1132933261047371
558,2021-12-08,0.599513272797128,0.1933816941535407
559,2021-12-11,0.7277276077572485,0.2042299341550205
560,2021-12-13,0.6777175228823783,0.0986730811651595
561,2021-12-16,0.6825120227346859,0.0836265521715182
562,2021-12-18,0.658306456166038,0.0987793219263075
563,2021-12-21,0.5434863904222883,0.1026023165303072
564,2021-12-23,0.9679106685442213,0.7996031148696049
565,2021-12-26,0.1694459194238482,0.0251704801894613
566,2021-12-28,0.7738719099219449,0.4471865201400679
567,2021-12-31,0.94410416506715,0.6710424248778004
