,Date,cf_200,cf_2000
0,2018-01-02,0.1719146578443078,0.0315516500865364
1,2018-01-04,0.7719558140274488,0.3101875040529909
2,2018-01-07,0.5893369144748567,0.2103760901602785
3,2018-01-09,0.998709961055418,0.990271669487576
4,2018-01-12,0.3952497293110877,0.1957931950261534
5,2018-01-14,0.0444171540504172,0.001435965830047
6,2018-01-17,0.6676784869414805,0.2002345806576262
7,2018-01-19,0.7905573707359856,0.4737414243709417
8,2018-01-22,0.9586107680417628,0.7050840469397752
9,2018-01-24,0.5117448560811724,0.3353361265481888
10,2018-01-27,0.0001440462852028767,0.0
11,2018-01-29,0.0808402637065452,0.0303173683610022
12,2018-02-01,0.8832133791559439,0.5875439972692216
13,2018-02-03,0.2351992183780054,0.1692510096747556
14,2018-02-06,0.6539812898136014,0.149938018793679
15,2018-02-08,0.6965118038233988,0.4172119108218113
16,2018-02-11,0.9778325527052356,0.8619415408886768
17,2018-02-13,0.8022270128609891,0.3854815379656339
18,2018-02-16,0.8978899282019077,0.7062484751587552
19,2018-02-18,0.4254340188091999,0.1261313744365241
20,2018-02-21,0.8335234788816238,0.5474074184351835
21,2018-02-23,0.8515740186803898,0.6002092418904984
22,2018-02-26,0.9580241263784768,0.8436697603798152
23,2018-03-03,0.7639775582793402,0.4598929507598048
24,2018-03-05,0.7226755662453718,0.3619988406859239
25,2018-03-08,0.9755967191358113,0.8316613436995687
26,2018-03-10,0.9269561509604738,0.707022590645669
27,2018-03-13,0.6992686060414396,0.3103002300760725
28,2018-03-15,0.7121207455315582,0.3533072042631882
29,2018-03-18,0.7072539591462819,0.3233516082951028
30,2018-03-20,0.879018036222275,0.4540651261463884
31,2018-03-23,0.8081268581712324,0.5094389194677054
32,2018-03-25,0.9879528356572492,0.9374697685977476
33,2018-03-28,0.9862561391572388,0.8843835007950391
34,2018-03-30,0.7824697734241294,0.3874583649956317
35,2018-04-02,0.7797298310514496,0.3747214503616569
36,2018-04-04,0.7653647357370512,0.2806035937899496
37,2018-04-07,0.8059017311706733,0.4824566677492979
38,2018-04-09,0.9228261361496374,0.6642462764141329
39,2018-04-12,0.6397494913664257,0.1946410344000687
40,2018-04-14,0.6598165025032177,0.2757522751116153
41,2018-04-17,0.1341197369416928,0.0231829008019116
42,2018-04-19,0.7554555933693266,0.5642451309484124
43,2018-04-22,0.7397777253697022,0.4112705354135559
44,2018-04-24,0.9962346999547004,0.9791863645915616
45,2018-04-27,0.8735741872106558,0.7109657265769014
46,2018-04-29,0.9100568091079526,0.7770691272713347
47,2018-05-02,0.8799996040758538,0.7085666260368637
48,2018-05-04,0.9259752011995446,0.6461048493138887
49,2018-05-07,0.9597107635683996,0.8809095570706508
50,2018-05-09,0.907536082188408,0.6905956425244233
51,2018-05-12,0.969229972778821,0.8743988040482856
52,2018-05-14,0.2041749553351503,0.1643148728602557
53,2018-05-17,0.0,0.0
54,2018-05-19,0.4283202392261061,0.143759678122613
55,2018-05-22,0.0027857077584991,5.652433733850134e-06
56,2018-05-24,0.0027237109416832,0.0005406554609220159
57,2018-05-29,0.995514487039305,0.9782652131913456
58,2018-06-01,0.9378503415537246,0.8785256480540992
59,2018-06-03,0.9992607626714054,0.9942055187304942
60,2018-06-06,0.9162818504777228,0.7631491549047328
61,2018-06-08,0.9940065664225256,0.9753988318729434
62,2018-06-11,0.9943471729007454,0.9546071444011928
63,2018-06-13,0.8943935914441635,0.8140632214474015
64,2018-06-16,0.994242389809406,0.9538193528331192
65,2018-06-18,0.6681776804488319,0.624541748702626
66,2018-06-21,0.6752001795203062,0.4551754313534374
67,2018-06-23,0.9985732204477532,0.9884691727594808
68,2018-06-26,0.9887833276859104,0.9398845092697964
69,2018-06-28,0.9074450897935388,0.8091844531873531
70,2018-07-01,0.994806801832086,0.9588268806921122
71,2018-07-03,0.8093389323003364,0.6884659620587157
72,2018-07-06,0.9908089112729326,0.917519384354278
73,2018-07-08,0.3067517608047257,0.251687282092164
74,2018-07-11,0.9679302185086716,0.8215494769027262
75,2018-07-13,0.0124731281627011,0.0053895054531501
76,2018-07-16,0.6505634754178222,0.5319470402838525
77,2018-07-18,0.8722193514487627,0.8007568710113514
78,2018-07-21,0.7962600157651257,0.6840893729895999
79,2018-07-23,0.8207284632223578,0.7427980260708632
80,2018-07-26,0.9466337626958732,0.8394317698049029
81,2018-07-28,0.9951815499390452,0.9855892676564416
82,2018-07-31,0.2736750635198116,0.2325690076799227
83,2018-08-02,0.3124030514436974,0.2673558905906452
84,2018-08-05,0.9090810259568484,0.7757785286994036
85,2018-08-07,0.9828745034892936,0.9660468019322668
86,2018-08-10,0.987375192182354,0.9240084221015086
87,2018-08-12,0.96780386961893,0.9079956830947092
88,2018-08-15,0.9946229760661556,0.9568363590269492
89,2018-08-17,0.9980740116756238,0.9851034668086324
90,2018-08-20,0.9449709341825092,0.8781342683719672
91,2018-08-22,0.7544430251669206,0.6770640932940025
92,2018-08-25,0.3942580415459938,0.1881944523168405
93,2018-08-27,0.9983229892837656,0.9882713241291669
94,2018-08-30,0.9812926748853896,0.923162528763605
95,2018-09-01,0.99883689942932,0.9912327946288862
96,2018-09-04,0.9881703860569032,0.9179319294518168
97,2018-09-06,0.9993687376983896,0.9944734468844114
98,2018-09-09,0.993055600862004,0.942306704599134
99,2018-09-11,0.7651115914285213,0.6958590831673461
100,2018-09-14,0.9927989004827366,0.940929417767374
101,2018-09-19,0.993384372680692,0.9499556066518362
102,2018-09-21,0.9991346322191113,0.9926022471417394
103,2018-09-24,0.8999247125570871,0.7250115398615383
104,2018-09-26,0.991455079324348,0.9811271762196564
105,2018-09-29,0.975585640574658,0.8797922715785137
106,2018-10-01,0.9560723270967436,0.8936213030711785
107,2018-10-04,0.9851337445466708,0.8983188395703551
108,2018-10-06,0.9995059966259036,0.9961826509810952
109,2018-10-09,0.6904986658687005,0.5355482592888777
110,2018-10-11,0.3992423617391837,0.3299879302939218
111,2018-10-14,0.0800878116804245,0.0274232214400657
112,2018-10-16,0.4076859781163375,0.3156328647678377
113,2018-10-19,0.9079443165689964,0.7264911392565445
114,2018-10-21,0.9486818435637984,0.8138659764908351
115,2018-10-24,0.6899248710395793,0.4332938501852111
116,2018-10-26,0.854415580326472,0.5628086693486549
117,2018-10-29,0.5644627936366856,0.2007562492826507
118,2018-10-31,0.795070387669524,0.3913725521772937
119,2018-11-03,0.965312163639812,0.8110861543775296
120,2018-11-05,0.7240835359501512,0.4187063995345286
121,2018-11-08,0.4628128676733197,0.1624182733755589
122,2018-11-10,0.7060549108840559,0.3242977655648939
123,2018-11-15,0.6873869546030412,0.2373938399883114
124,2018-11-18,0.975294558511324,0.9011995635119588
125,2018-11-20,0.7189257941080635,0.2826828237659232
126,2018-11-23,0.5647771331654401,0.3656370345678336
127,2018-11-25,0.745314263540763,0.3493374897999025
128,2018-11-28,0.6571777431638283,0.2097885284946321
129,2018-11-30,0.5547866872165594,0.1006899342746697
130,2018-12-03,0.822695075373693,0.4672652517135607
131,2018-12-05,0.5631660946864334,0.0989598350663748
132,2018-12-08,0.8651679006025776,0.590473837882011
133,2018-12-10,0.7940076074957043,0.48939154029080567
134,2018-12-13,0.8813813654125283,0.6518483533606382
135,2018-12-15,0.435977837086372,0.2512850695211506
136,2018-12-18,0.5908837345162773,0.3376743007455243
137,2018-12-20,0.5605059111085507,0.1871705481329622
138,2018-12-23,0.8332695887038972,0.530929293027605
139,2018-12-25,0.6001046135865665,0.3614430275027008
140,2018-12-28,0.6553290706819976,0.363577160422255
141,2018-12-30,0.7132022009812506,0.6195574637451767
142,2019-01-02,0.8069956933603182,0.5387950648557727
143,2019-01-04,0.887794455995104,0.6691509776405378
144,2019-01-07,0.8522872798886035,0.585794865000843
145,2019-01-09,0.0135153264362302,0.0050642158335653
146,2019-01-12,0.8689776490098168,0.5089848735091661
147,2019-01-14,0.1191279893373231,0.0364980556538094
148,2019-01-17,0.9872158784122508,0.9280305286965486
149,2019-01-19,0.1320082829025607,0.0371897405409163
150,2019-01-22,0.6569087777340197,0.2151234870671345
151,2019-01-24,0.5660259209357548,0.2644519130138592
152,2019-01-27,0.709940029766206,0.372948887170185
153,2019-01-29,0.6242542055929167,0.4517090678586225
154,2019-02-01,0.7911403874797376,0.5122614234993528
155,2019-02-03,0.6581144762092991,0.2922103250793966
156,2019-02-06,0.4338528004074429,0.1350056010301181
157,2019-02-08,0.8189701097588971,0.4028988983763547
158,2019-02-11,0.716073805212023,0.5012872582784901
159,2019-02-13,0.7491863474601298,0.2593979212146122
160,2019-02-16,0.5815226892876665,0.2196625716797687
161,2019-02-18,0.3279597588306436,0.1150283723490399
162,2019-02-21,0.522594542279559,0.1981388480153512
163,2019-02-23,0.6805505846710493,0.2255999279462985
164,2019-02-26,0.8410518863758732,0.5657407800652425
165,2019-02-28,0.9604572897851646,0.8151444385758124
166,2019-03-03,0.6971094472367889,0.4112403848681393
167,2019-03-05,0.5692880675819395,0.2997132824118313
168,2019-03-08,0.7042319520848096,0.4358190450130165
169,2019-03-10,0.9020809854198966,0.5454741580501083
170,2019-03-13,0.6130851449870137,0.2428045308182787
171,2019-03-15,0.8396487241875816,0.5176028202166434
172,2019-03-18,0.859826503072336,0.5257023793086549
173,2019-03-20,0.8896981288046643,0.5335916234925909
174,2019-03-23,0.5762034178771267,0.2636501606048195
175,2019-03-25,0.8078803226370048,0.4315455807828924
176,2019-03-28,0.8396971697590325,0.5475816793160692
177,2019-03-30,0.4946980156012907,0.2179245749856349
178,2019-04-02,0.8418534452817582,0.548228133186541
179,2019-04-04,0.7619741679477986,0.2935348675983827
180,2019-04-07,0.7647813774484729,0.364717979756882
181,2019-04-09,0.8837684575694925,0.6277282779723318
182,2019-04-12,0.6627662803583292,0.2628048601066935
183,2019-04-14,0.7103056320461589,0.205535823153638
184,2019-04-17,0.76326696453095,0.4684876163170501
185,2019-04-19,0.8762259518106748,0.4898596946352691
186,2019-04-22,0.5429787464123935,0.237122791411855
187,2019-04-24,0.7213262556840548,0.3624712766773088
188,2019-04-27,0.9204141941401744,0.75104990487907
189,2019-04-29,0.8876439644269136,0.5938732008826557
190,2019-05-02,0.9034088273135528,0.7387115867104199
191,2019-05-04,0.8614708001085116,0.5874880991704331
192,2019-05-07,0.8314958191458657,0.6117478882086194
193,2019-05-09,0.9911975980942004,0.9612889581799806
194,2019-05-12,0.4969864162382506,0.1936634414636174
195,2019-05-14,0.9294950881401418,0.784687270280819
196,2019-05-17,0.9230331192663306,0.7928502169830419
197,2019-05-19,0.9988268162419426,0.991234319907006
198,2019-05-24,0.9310895600656204,0.7754102550850775
199,2019-05-27,0.3892608058417668,0.2669380423049047
200,2019-05-29,0.1262724600390046,0.0460142365732252
201,2019-06-01,0.0,0.0
202,2019-06-03,0.2459739298045673,0.1996563323339538
203,2019-06-06,0.0461312885091938,0.0262556117145041
204,2019-06-08,0.8318851582562667,0.7084204050571115
205,2019-06-11,0.9475666744337656,0.8752447037933968
206,2019-06-13,0.9986774112352768,0.9930176412708992
207,2019-06-16,0.0050185354427557,0.0004208145794181856
208,2019-06-18,0.9021457924594288,0.8202247011673802
209,2019-06-21,0.9532192624558196,0.8798325154847169
210,2019-06-23,0.998205424076979,0.9867888591640248
211,2019-06-26,0.9944483271713936,0.953773857311404
212,2019-06-28,0.9984031791049518,0.9900898659737196
213,2019-07-01,0.9942365151637254,0.953714503988175
214,2019-07-03,0.9990360455325176,0.9947608780118476
215,2019-07-06,0.991641431262118,0.943618360543112
216,2019-07-08,0.9990404872111592,0.9950415044138124
217,2019-07-11,0.994376453033705,0.9514082901017245
218,2019-07-13,0.5073939078653759,0.4214818745686202
219,2019-07-16,0.9822493254474306,0.9076014127705634
220,2019-07-18,0.9850360146069097,0.9209252307176199
221,2019-07-21,0.90930010555281,0.8319118982909659
222,2019-07-23,0.0839819043606618,0.0341350842174866
223,2019-07-26,0.646987794717197,0.4565829585473875
224,2019-07-28,0.9991180385775112,0.9963834026504184
225,2019-07-31,0.4290702030986822,0.3357482168936242
226,2019-08-02,0.9989081328524708,0.9957222159223216
227,2019-08-05,0.9008503319916552,0.7924305432552596
228,2019-08-07,0.9980741819455174,0.9850270114141249
229,2019-08-10,0.9460821089813852,0.8192299637299659
230,2019-08-12,0.995359505302301,0.9702384371074232
231,2019-08-15,0.9937599189998269,0.9496289244164966
232,2019-08-17,0.9736430750954964,0.9362266864879994
233,2019-08-20,0.9940768631759622,0.9503588308489812
234,2019-08-22,0.99901336680949,0.9941704324386288
235,2019-08-25,0.9944929770992252,0.9563206304987216
236,2019-08-27,0.9988071267687848,0.9924148545793828
237,2019-08-30,0.9933495186027252,0.9437797323861904
238,2019-09-01,0.7978072205450055,0.5712742771023112
239,2019-09-04,0.9936238825084948,0.9486883682056672
240,2019-09-06,0.9918142238529593,0.9678312468969956
241,2019-09-09,0.982899298343389,0.9213605105335478
242,2019-09-11,0.9989450271651452,0.9929416841936246
243,2019-09-14,0.9923927480318148,0.9375512750716486
244,2019-09-16,0.9984821283539966,0.9903781780351504
245,2019-09-19,0.9930519077684916,0.9472452083328082
246,2019-09-21,0.7044450649549537,0.5985352390735255
247,2019-09-26,0.9984816443550782,0.9901872467938936
248,2019-09-29,0.9889067396071354,0.9268754550924122
249,2019-10-01,0.9535943817542444,0.8676359850979413
250,2019-10-04,0.6268978785347755,0.3590200996019708
251,2019-10-06,0.9822507918917196,0.9424091412050308
252,2019-10-09,0.8577140469812871,0.6922449517726211
253,2019-10-11,0.7670682350964397,0.5719480962361715
254,2019-10-14,0.8370043794297867,0.5867614213162508
255,2019-10-16,0.8863689800373727,0.6503634050549265
256,2019-10-19,0.7365209399136675,0.3582493664111198
257,2019-10-21,0.5705027571005097,0.3149166309880463
258,2019-10-24,0.4325958885493082,0.344570356327771
259,2019-10-26,0.6236114412157842,0.3013317553706071
260,2019-10-29,0.9782842774548776,0.880095934796087
261,2019-10-31,0.9668123736651392,0.8684393166047295
262,2019-11-03,0.0043710831312291,0.0
263,2019-11-05,0.838406276902369,0.4616322840865335
264,2019-11-08,0.7858863804151376,0.4401255001516297
265,2019-11-10,0.9709234646408972,0.8439097325693189
266,2019-11-13,0.7214029144669929,0.3912036883924742
267,2019-11-15,0.8246718810907473,0.437297569952615
268,2019-11-18,3.0436406324806977e-07,0.0
269,2019-11-20,0.2636245063360422,0.0641955257249368
270,2019-11-23,0.6195231845125387,0.2713836607029655
271,2019-11-25,0.5376745506709579,0.185244471535375
272,2019-11-28,0.8693532945420341,0.5696616240688372
273,2019-11-30,0.4123347847247403,0.1398901340193108
274,2019-12-03,0.3446074206046697,0.2029326383983631
275,2019-12-05,0.15865385099299828,0.0184842114265415
276,2019-12-08,0.6418438695511538,0.2510318949563801
277,2019-12-10,0.540798910905105,0.3153441927472592
278,2019-12-13,0.5255609721918333,0.0788080646552852
279,2019-12-15,0.8435311872756875,0.5149489057363043
280,2019-12-18,0.7979794808267079,0.2681178978997602
281,2019-12-20,0.7149337370235874,0.2888770376985948
282,2019-12-23,0.3186413367075926,0.0663576325673372
283,2019-12-25,0.7957407115615068,0.2634259467725586
284,2019-12-28,0.6822672042636876,0.5153527279764715
285,2019-12-30,0.477821161329711,0.1239221662053439
286,2020-01-02,0.558258297686626,0.1417908730945644
287,2020-01-04,0.741455997247719,0.3148337758704825
288,2020-01-07,0.8405122407156909,0.6209807552425638
289,2020-01-09,0.9037088562537396,0.7687493180320963
290,2020-01-12,0.0185530782555529,0.0002641252414293154
291,2020-01-14,0.7106913749131382,0.2024265701366377
292,2020-01-17,0.0239972760447114,0.0024346378540229
293,2020-01-19,0.1247614122001665,0.0630119549614006
294,2020-01-22,0.0010157260356698,0.0
295,2020-01-24,0.1068979335123674,0.0340834031854372
296,2020-01-27,0.6026862668632097,0.2130330897306008
297,2020-01-29,0.2933393029143999,0.0228719531709902
298,2020-02-01,0.8270103988687058,0.5503364136485295
299,2020-02-03,0.6392131406374653,0.2668302543689278
300,2020-02-06,0.5881749222152581,0.2802224588250619
301,2020-02-08,0.7444779509202841,0.4607206833774292
302,2020-02-11,0.8362062370860975,0.5522699085818786
303,2020-02-13,0.0161203402839455,0.00015196535792677066
304,2020-02-16,0.654211405297025,0.1833883742195201
305,2020-02-18,0.6925985679560642,0.22611945966296076
306,2020-02-21,0.894300213711736,0.7210690095118637
307,2020-02-23,0.7203594775030848,0.3305410279754961
308,2020-02-26,0.8900168190762223,0.5850450215035465
309,2020-02-28,0.6743634011434153,0.182031588897796
310,2020-03-02,0.4717499341038918,0.2354671876193396
311,2020-03-04,0.7860183110963009,0.5608724471379778
312,2020-03-07,0.6527867378517872,0.2803815200315083
313,2020-03-09,0.6609465004351532,0.238099843007127
314,2020-03-12,0.9467543037662394,0.778283975367225
315,2020-03-14,0.6156092626864224,0.2325753154021749
316,2020-03-17,0.0059895673817233,0.0
317,2020-03-19,0.6565356325530408,0.3085799443964388
318,2020-03-22,0.7238823980876081,0.337239186265114
319,2020-03-24,0.2784187300063248,0.1587981007477493
320,2020-03-27,0.536441706631529,0.3373269876253914
321,2020-03-29,0.8864025688626139,0.5739161272328904
322,2020-04-01,0.724358185916771,0.4106299434566655
323,2020-04-03,0.7575336623892552,0.3193940620746379
324,2020-04-06,0.7926257323181873,0.5499132210003118
325,2020-04-08,0.6822129804338318,0.2405230786665241
326,2020-04-11,0.5510865276852881,0.2003675587780208
327,2020-04-13,0.8773801239749729,0.5362502395407198
328,2020-04-16,0.0193172440130974,0.0035900811133671
329,2020-04-18,0.664141401434161,0.202022788823465
330,2020-04-21,0.2471520975911085,0.10120334664461
331,2020-04-23,0.9051687073009086,0.654484188687186
332,2020-04-26,0.076197436642084,0.0388003288905645
333,2020-04-28,0.9491471115267754,0.9018534160804372
334,2020-05-01,0.946485222996428,0.8263647827273288
335,2020-05-03,0.6887167726983029,0.4037344967507879
336,2020-05-06,0.7123569160856559,0.4089353212392481
337,2020-05-08,0.8540996864501031,0.6043274486354069
338,2020-05-11,0.9921755371176084,0.93406710747165
339,2020-05-13,0.9587284126829704,0.921241273184176
340,2020-05-16,0.9898415771122412,0.9371884890707224
341,2020-05-18,0.99821742303729,0.9909799983108576
342,2020-05-21,0.9289094324214467,0.840035911849821
343,2020-05-23,0.998820338730087,0.992619667117214
344,2020-05-26,0.994243273167706,0.9510223204007244
345,2020-05-28,0.9146057471629108,0.8650897870381626
346,2020-05-31,0.9933419260083431,0.9464007580693444
347,2020-06-02,0.4504114806444657,0.3239002033008664
348,2020-06-05,0.9944716195009732,0.9595501315357864
349,2020-06-07,0.9990810413754102,0.993505219042932
350,2020-06-10,0.9941109806720938,0.9523692788565532
351,2020-06-12,0.5205116914674671,0.3818117629851839
352,2020-06-15,0.9749453707784332,0.9023216163770924
353,2020-06-17,0.9447097955479804,0.9043834942346458
354,2020-06-20,0.9945545610567788,0.9549358449673014
355,2020-06-22,0.9885825141420294,0.9715644508963782
356,2020-06-25,0.8178165277397524,0.7486280196611493
357,2020-06-27,0.168161439027349,0.0960599307386152
358,2020-06-30,0.8225920296080462,0.6753958968814303
359,2020-07-02,0.9989364046878342,0.9933603343480912
360,2020-07-05,0.6884699944427598,0.5368803822948747
361,2020-07-07,0.9789617913557408,0.9627248007174118
362,2020-07-10,0.7751729276981956,0.6689754774551463
363,2020-07-12,0.3716135830916355,0.2532044006681135
364,2020-07-15,0.8142575461170287,0.7140627294508707
365,2020-07-17,0.4945079550997201,0.3698034860558276
366,2020-07-20,0.4039123899278414,0.2245686480539833
367,2020-07-22,0.1390661212328472,0.0852439601468492
368,2020-07-25,0.1967680566564704,0.1053534713586728
369,2020-07-27,0.0402021915108215,0.0112327834876149
370,2020-07-30,0.99425206894637,0.953449670842192
371,2020-08-01,0.8130401052636463,0.6809647921185513
372,2020-08-04,0.9036451362891548,0.7960498787756038
373,2020-08-06,0.1315331010157787,0.0850604077011764
374,2020-08-09,0.9508932164467512,0.8778049768369413
375,2020-08-11,0.9440534153265948,0.9039882237491644
376,2020-08-14,0.0395612058341319,0.0121358724747259
377,2020-08-16,0.3850160304651226,0.2886970640405706
378,2020-08-19,0.9941256543838456,0.9511230830986304
379,2020-08-21,0.6392633177050984,0.4673591978715287
380,2020-08-24,0.9939836810861888,0.9536875412198904
381,2020-08-26,0.9991020685300888,0.9965353546431086
382,2020-08-29,0.9914651810219918,0.9306028723710776
383,2020-08-31,0.9851367785027494,0.9683594050560552
384,2020-09-03,0.9931422912909036,0.94678541601786
385,2020-09-05,0.9989604274629766,0.9933994435731516
386,2020-09-08,0.9907711022154642,0.9352605653171776
387,2020-09-10,0.9298506764674103,0.8741264796116461
388,2020-09-13,0.992979654261219,0.948385224099356
389,2020-09-15,0.9972737836311129,0.9882515106948252
390,2020-09-18,0.99444949773819,0.9547483482421334
391,2020-09-20,0.6037203105622551,0.5408258842088612
392,2020-09-23,0.8331327532547195,0.7297509250245936
393,2020-09-25,0.9988351609327656,0.9924967575474858
394,2020-09-28,0.9931552929264268,0.9451916979115764
395,2020-09-30,0.9171804650842036,0.7228424852418258
396,2020-10-05,0.8806131257036166,0.593737964998968
397,2020-10-08,0.9845431495651048,0.8917818968348401
398,2020-10-10,0.1618842074048661,0.0835173063099124
399,2020-10-13,0.8447809811698141,0.4813142653483228
400,2020-10-15,0.9947355441992676,0.980429257898456
401,2020-10-18,0.9915720240925436,0.9274480964808136
402,2020-10-20,0.9935562947899,0.9572664599751732
403,2020-10-23,0.9828766019697824,0.9039912966968208
404,2020-10-25,0.6181646752391949,0.3053363833125236
405,2020-10-28,0.9827282612892012,0.9118790663331232
406,2020-10-30,0.8589129425035988,0.645220585684449
407,2020-11-02,0.0065849474456188,2.1703535288863204e-05
408,2020-11-04,0.9017722232535782,0.5919091852289521
409,2020-11-07,0.946420357947035,0.8118345963675143
410,2020-11-09,0.798389273225131,0.5104477823150713
411,2020-11-12,0.7687908999961839,0.5325930718876131
412,2020-11-14,0.9310938858642632,0.7103641880507657
413,2020-11-17,0.4731805624792951,0.2968434880632923
414,2020-11-19,0.8575381083729015,0.6488460750983273
415,2020-11-22,0.0,0.0
416,2020-11-24,0.950663475976676,0.8085365233873729
417,2020-11-27,0.7416403199698204,0.3841575393926986
418,2020-11-29,0.7480842268930376,0.5526421390410506
419,2020-12-02,0.5165770245271217,0.3172051378257451
420,2020-12-04,0.8284809077311831,0.4983803690580344
421,2020-12-07,0.7458168194628793,0.468587639648746
422,2020-12-09,0.9771034392619604,0.8466396106105348
423,2020-12-12,0.909517839567552,0.6406697195092407
424,2020-12-14,0.9352636096659076,0.7354245602428239
425,2020-12-17,0.00016150815198474026,0.0
426,2020-12-19,0.3976948029424359,0.1336532072513366
427,2020-12-22,0.6861785038583778,0.2019205178606769
428,2020-12-24,0.8426898964342351,0.4506146685144596
429,2020-12-27,0.6519756173440812,0.3143203576857016
430,2020-12-29,0.0,0.0
431,2021-01-01,0.8971308519958323,0.5674555995184386
432,2021-01-03,0.7007181758115877,0.1503337561459031
433,2021-01-06,0.8575966387113357,0.5105860708080527
434,2021-01-08,0.8351033438857126,0.5250085303262058
435,2021-01-11,0.9221847215379096,0.6720020933404971
436,2021-01-13,0.8686204820368544,0.4777412848783701
437,2021-01-16,0.7415267597419023,0.4020021565318876
438,2021-01-18,0.7750929648434631,0.2104285311161416
439,2021-01-21,0.9782850531608166,0.8767735294942006
440,2021-01-23,0.7882042871211796,0.3755976512667267
441,2021-01-26,0.869929930486644,0.6590649368404553
442,2021-01-28,0.6995958046620707,0.3944338876073848
443,2021-01-31,0.8439339540269809,0.6015631534651859
444,2021-02-02,0.9252604356522242,0.7156441689984657
445,2021-02-05,0.9057970025097424,0.7632588231303661
446,2021-02-07,0.3978376212037792,0.151929848722481
447,2021-02-10,0.8815885872512418,0.6108569085034514
448,2021-02-12,0.6868938043128568,0.15335248543636
449,2021-02-15,0.9644249914270964,0.8514815297784158
450,2021-02-17,0.9238282587170212,0.6993010762043923
451,2021-02-20,0.2007764917712946,0.0954546996707655
452,2021-02-22,0.5260186698037549,0.2757302036159098
453,2021-02-25,0.9629323796773096,0.8570286888552932
454,2021-02-27,0.8770315055985168,0.6391127218287403
455,2021-03-02,0.7421176618417881,0.3453717274736428
456,2021-03-04,0.6783965105836707,0.3248345347813165
457,2021-03-07,0.6327242683842715,0.312228645965603
458,2021-03-09,0.8256084416443527,0.3806226338029539
459,2021-03-12,0.9397867326747912,0.6765034270503616
460,2021-03-14,0.6918608969619281,0.180475215774981
461,2021-03-17,0.8482484735573029,0.4541851257898451
462,2021-03-19,0.7295445334223927,0.1889103637409201
463,2021-03-22,0.8366476127556145,0.5135678395776633
464,2021-03-24,0.9987552484992112,0.9903885410427472
465,2021-03-27,0.7971511679134875,0.5683785818314562
466,2021-03-29,0.9413734565573368,0.9133532989465992
467,2021-04-01,0.9321503085934346,0.8117705429501278
468,2021-04-03,0.8015615755833633,0.4726768949536112
469,2021-04-06,0.5436730145903887,0.1964524987093745
470,2021-04-08,0.8987588187634136,0.6482510526920323
471,2021-04-11,0.5750307227774529,0.1798886346516303
472,2021-04-13,0.7713663502095947,0.3973574699928916
473,2021-04-16,0.4810027833690495,0.204166120105085
474,2021-04-18,0.585688594957615,0.3270225549335993
475,2021-04-21,0.1091221530886276,0.0400946182950814
476,2021-04-23,0.8298492873595055,0.5042002532297508
477,2021-04-26,0.8383391466463848,0.6011381027996041
478,2021-04-28,0.7247724383592303,0.400981033264617
479,2021-05-01,0.8389017354503931,0.5710214349497857
480,2021-05-03,0.0,0.0
481,2021-05-06,0.8390236003464975,0.6025784937140519
482,2021-05-08,0.0071800480997617,0.0019723034022853
483,2021-05-11,0.0,0.0
484,2021-05-13,0.8949446645414055,0.8407478994016614
485,2021-05-16,0.986779655952866,0.924799400054135
486,2021-05-18,0.998012208021698,0.9860456417376204
487,2021-05-21,0.9642145158656672,0.8626552355914109
488,2021-05-23,0.9989836245041444,0.9940347637509908
489,2021-05-26,0.9937750831500912,0.9506802196164932
490,2021-05-28,0.7692747454344916,0.6792692282807751
491,2021-05-31,0.994087126907103,0.9502424804366923
492,2021-06-02,0.9990846067355362,0.9953687110957576
493,2021-06-05,0.9942991274348112,0.9544358804068518
494,2021-06-07,0.9981142550440472,0.9916291493641428
495,2021-06-10,0.9946593775535094,0.9569370750517318
496,2021-06-12,0.9980170753536316,0.9859849106255956
497,2021-06-15,0.9861666400312454,0.9004627886443116
498,2021-06-17,0.8890765596390565,0.8239932489076757
499,2021-06-20,0.8876078931460795,0.7858579970872799
500,2021-06-22,0.9989152693605464,0.992753956871096
501,2021-06-25,0.9937939817498908,0.948467181977046
502,2021-06-27,0.9989032001582852,0.9929026328625596
503,2021-06-30,0.9943816316631954,0.953923961797646
504,2021-07-02,0.968159446896604,0.934005415406623
505,2021-07-05,0.9944774328461912,0.9551335287094712
506,2021-07-07,0.9985137436314953,0.9936082570692446
507,2021-07-10,0.9850101475176208,0.8909953178215104
508,2021-07-12,0.4633395027010805,0.3642234487321945
509,2021-07-15,0.7117434738463266,0.5297796245948477
510,2021-07-17,0.073951200318335,0.0258092109312716
511,2021-07-20,0.0514916317585511,0.0031075993134958
512,2021-07-22,0.8783396620102953,0.7792261078117758
513,2021-07-25,0.765484946004323,0.5290769245218819
514,2021-07-27,0.9191858069708004,0.8767632535185805
515,2021-07-30,0.724748746372592,0.4785351545806394
516,2021-08-01,0.9990845030825968,0.9956845377296532
517,2021-08-04,0.9937941806007176,0.949454566844882
518,2021-08-06,0.9986710647917412,0.9928029378699136
519,2021-08-09,0.9734014472426568,0.9161029009889334
520,2021-08-11,0.999060265914808,0.9960217752288304
521,2021-08-14,0.9944879672713132,0.9539326317549096
522,2021-08-16,0.91213629794582,0.8733636966516506
523,2021-08-19,0.9941119861413172,0.950189982683616
524,2021-08-21,0.8448533718098828,0.8013057936983342
525,2021-08-24,0.8871929682513143,0.7711461195213121
526,2021-08-26,0.4506825939333465,0.3850615135363395
527,2021-08-29,0.9936022170381684,0.9460806828731286
528,2021-08-31,0.9989362483659328,0.9924640692550902
529,2021-09-03,0.994434482498366,0.9526838086096152
530,2021-09-05,0.9974633523588232,0.988040427266103
531,2021-09-08,0.9947814076639928,0.9563351694147256
532,2021-09-10,0.2415936415514837,0.1589996078166261
533,2021-09-13,0.9932182754364292,0.9437607416529562
534,2021-09-15,0.9074292496856328,0.8593921651465735
535,2021-09-18,0.9883295902100676,0.9402446359613568
536,2021-09-20,0.9984270520582816,0.9913421533868838
537,2021-09-23,0.994194624374248,0.9540389513122628
538,2021-09-25,0.9991063705861648,0.995165028609094
539,2021-09-28,0.9937158339623228,0.9506896303302802
540,2021-09-30,0.9988969701418328,0.994742675217932
541,2021-10-03,0.9936435277965672,0.950305213561418
542,2021-10-05,0.9699217059865975,0.8969777410927305
543,2021-10-08,0.9618912474990244,0.8666810712935081
544,2021-10-10,0.9881152638877756,0.8926532867953072
545,2021-10-13,0.9828555994340016,0.8754733879815658
546,2021-10-15,0.7379625823596048,0.4661943340217689
547,2021-10-18,0.9927768064859572,0.9373037731663492
548,2021-10-20,0.9378575592541384,0.8171106048954074
549,2021-10-23,0.6133607006018758,0.4022141293946437
550,2021-10-25,0.6815887134154083,0.4290061212962999
551,2021-10-28,0.9321837350835152,0.685613479945131
552,2021-10-30,0.7824896690572902,0.4036686950518537
553,2021-11-02,0.8783701856493304,0.6930093979613589
554,2021-11-04,0.8527336942116976,0.5203597039172629
555,2021-11-07,0.8380930657295462,0.5258295457999039
556,2021-11-12,0.7364912581157963,0.3157658851027915
557,2021-11-14,0.907615375835978,0.6132618839825693
558,2021-11-17,0.9465985632572496,0.7472976780891056
559,2021-11-19,0.9113033985854392,0.7761076813438151
560,2021-11-22,0.8764030586329442,0.5314440264952931
561,2021-11-24,0.5169451088307715,0.3428897627258206
562,2021-11-27,0.8062217397943436,0.5080170902712022
563,2021-11-29,0.8426242939047259,0.4461419892458177
564,2021-12-02,0.9860866480632886,0.9004438888309563
565,2021-12-04,0.5816280529509931,0.2755638687321017
566,2021-12-07,0.5896658687763047,0.3714238691761835
567,2021-12-09,0.993969224603764,0.9603713558948636
568,2021-12-12,0.6758572301826794,0.3155735198402336
569,2021-12-17,0.149092674163528,0.0459038077351512
570,2021-12-19,0.5567118467255279,0.0999110037503269
571,2021-12-22,0.9226614970215282,0.7800957347425712
572,2021-12-24,0.507402551718847,0.3157984203802971
573,2021-12-27,0.1843556799589649,0.0519937393375253
574,2021-12-29,0.6394736451424758,0.4713062169862419
