,Date,cf_200,cf_2000
0,2018-01-03,0.0,0.0
1,2018-01-06,0.9114447272818702,0.6761271507125295
2,2018-01-08,0.5842603730504431,0.1844261371173842
3,2018-01-11,0.9999151530366122,0.9999275100243645
4,2018-01-13,0.9972116117598897,0.9897186596123441
5,2018-01-16,0.9999246782364937,0.9999275100243645
6,2018-01-23,0.9987512508930336,0.9997542642573389
7,2018-01-26,0.8178385065785971,0.5754368667094838
8,2018-01-28,0.8906727230854288,0.6773895312714096
9,2018-01-31,0.5966124632589371,0.35102564497690686
10,2018-02-02,0.921826608730931,0.8061799488630107
11,2018-02-05,0.9998995966867824,0.9991322977570132
12,2018-02-10,0.0965859924899395,0.02187824362901435
13,2018-02-12,0.9944669671014894,0.9713428699303774
14,2018-02-15,0.7555547531433477,0.4319081836559274
15,2018-02-17,0.9946314124983264,0.9844298618900335
16,2018-02-20,0.8737892792515789,0.6671343887955192
17,2018-02-22,0.1854392960215009,0.0317439715412706
18,2018-02-25,0.9998012012843713,0.99944252137405
19,2018-02-27,0.5726094678183175,0.21385006798662504
20,2018-03-02,0.5510741337406797,0.2593587543168448
21,2018-03-04,0.9266469116106699,0.7225800736261958
22,2018-03-07,0.0334865123806701,0.004461850732665116
23,2018-03-09,0.7861076175899328,0.5755960408134796
24,2018-03-12,0.2126330888530202,0.0348523942182427
25,2018-03-14,0.528360811571703,0.2734256617296696
26,2018-03-17,0.0387304466512389,0.0036478904199899
27,2018-03-19,0.9565844321646271,0.8285077315068046
28,2018-03-22,0.8036101310655629,0.4849078699691465
29,2018-03-24,0.637143130724164,0.23993716954893468
30,2018-03-27,0.2676811217081211,0.0521259270292873
31,2018-03-29,0.9920850896306481,0.9631509923799223
32,2018-04-01,0.1072379074714412,0.0130561208139563
33,2018-04-03,0.9734508288398521,0.8849056264545769
34,2018-04-06,0.04044151741695635,0.013652707685081993
35,2018-04-08,0.6287597146766437,0.18318011275562524
36,2018-04-11,0.27808646212150684,0.03148254295288695
37,2018-04-13,0.0994709802385073,0.0023576564406848
38,2018-04-16,0.9885446155965886,0.9406932531594507
39,2018-04-18,0.3732896302422375,0.07097117332006675
40,2018-04-21,0.051145990017854547,0.0025717391284025876
41,2018-04-23,0.26380926573433455,0.07770191231861795
42,2018-04-26,0.3412492942942972,0.07988533155960174
43,2018-04-28,0.33420378829016234,0.0291137561730103
44,2018-05-01,0.03766432996392495,0.00180519190481345
45,2018-05-03,0.023524467048557502,0.0005170076151489241
46,2018-05-06,0.1151544684190888,0.01672163237771665
47,2018-05-08,0.316478316308076,0.017963001685622648
48,2018-05-11,0.07546843240395086,0.01176648880953805
49,2018-05-13,0.0327798484638305,0.00229017880370865
50,2018-05-16,0.3532004836475537,0.05448280020719335
51,2018-05-18,0.15130584164340866,0.0014212314132558
52,2018-05-21,0.8496905659882225,0.5875171156200978
53,2018-05-23,0.3845447057070268,0.0488510438577155
54,2018-05-26,0.12739450130091745,0.00799712410811255
55,2018-05-28,0.13334560246863295,0.0439985001575061
56,2018-05-31,0.1392456569723894,0.01523077949579145
57,2018-06-02,0.04185228996219185,0.005539304284207545
58,2018-06-05,0.9636508742973335,0.8385397030039805
59,2018-06-07,0.033220761253853204,0.0002616989294600104
60,2018-06-10,0.356534441761338,0.10789824504461484
61,2018-06-12,0.0269151200008793,0.0018495974823088
62,2018-06-15,0.051082236890771855,0.0013425519031923104
63,2018-06-17,0.05641044391095795,0.00103148751904995
64,2018-06-20,0.2972616974213706,0.0366762684600859
65,2018-06-22,0.1409417030485595,0.0184533986052052
66,2018-06-25,0.1298157174415883,0.01529188883978445
67,2018-06-27,0.0005146106272109,0.0
68,2018-06-30,0.15738685838462566,0.00928031296999185
69,2018-07-02,0.0002904659481248846,0.0
70,2018-07-05,0.0263501448171624,0.0005593368053813378
71,2018-07-07,0.0484013726108697,0.00309633587785235
72,2018-07-10,0.00027690166669883424,0.0
73,2018-07-12,0.0012016657253975406,0.0
74,2018-07-15,1.6879506947224676e-05,0.0
75,2018-07-17,0.019537726817327555,1.5055824378390834e-05
76,2018-07-20,0.00033790742203510074,0.0
77,2018-07-22,0.00793624832488835,1.1686048640948685e-05
78,2018-07-25,0.32579412091416515,0.07352531534818324
79,2018-07-27,0.3453748222207865,0.10327145238167745
80,2018-07-30,0.0196917771263493,0.0011589096047721031
81,2018-08-01,0.000317415158755626,0.0
82,2018-08-04,0.0017203626058533501,0.0
83,2018-08-06,0.0331195319941645,0.0012294801656218427
84,2018-08-09,0.18321353643947685,0.0282412037620196
85,2018-08-11,0.0284396182609779,1.8271634894729803e-06
86,2018-08-14,0.15232602416601473,0.0201066093339175
87,2018-08-16,0.01618446453614075,3.0122276940746893e-05
88,2018-08-19,0.03610887409735415,0.0009700362439106981
89,2018-08-21,0.0044496607113038,0.0
90,2018-08-24,0.0019571935265877997,0.0
91,2018-08-26,3.682544030628429e-05,0.0
92,2018-08-29,0.07359043199084915,0.008114829162794565
93,2018-08-31,0.0043638032954860404,0.0
94,2018-09-03,0.29373549187076553,0.03343033727684645
95,2018-09-05,0.00487936991127191,5.014475388799824e-07
96,2018-09-08,0.0215600269520645,1.009654259628497e-05
97,2018-09-10,0.0012245170989233659,0.0
98,2018-09-13,0.00042909136065244106,0.0
99,2018-09-18,0.3779492640756996,0.06009603456333945
100,2018-09-20,0.04928064299913635,0.0017908191169345529
101,2018-09-23,0.0112546472118366,3.193223268503816e-05
102,2018-09-25,0.17595069366651245,0.01769749978968015
103,2018-09-28,1.1558317839408267e-05,0.0
104,2018-09-30,0.15668456508992665,0.00550546256751645
105,2018-10-03,0.00015348038481047147,0.0
106,2018-10-05,0.2161105970135246,0.0342965591766807
107,2018-10-08,0.0192846512603041,6.297142615959544e-05
108,2018-10-10,0.18081605533222844,0.00751699689764225
109,2018-10-13,0.0033119705249956503,0.0
110,2018-10-15,0.0001952891881688447,0.0
111,2018-10-18,0.08997809176397151,0.0074156090445843
112,2018-10-20,0.28761430193950765,0.07359126246653801
113,2018-10-23,0.8769187700357535,0.6656216657709811
114,2018-10-25,0.2837551175927632,0.0825435153059085
115,2018-10-28,0.9810466203407953,0.9465505961934371
116,2018-10-30,0.37875380726407215,0.11300523867460965
117,2018-11-02,0.9999275100243645,0.9999275100243645
118,2018-11-04,0.12985662955305216,0.014777219943466851
119,2018-11-07,0.34364996956772165,0.1438142776409797
120,2018-11-09,0.9967835590584568,0.9906579347677127
121,2018-11-12,0.9332960284808882,0.8273396622133646
122,2018-11-14,0.15816876638840305,0.03115638054585055
123,2018-11-17,0.0760165471420599,0.00614587033792655
124,2018-11-19,0.9044008026660764,0.6200031819567406
125,2018-11-22,0.999715761989894,0.9985034674749602
126,2018-11-24,0.9169221462800291,0.7204766673456835
127,2018-11-27,0.981018327423566,0.8814183864668769
128,2018-11-29,0.9653690187549315,0.8058739899079147
129,2018-12-02,0.9998335563434368,0.9985738211151041
130,2018-12-04,0.9974834476216559,0.997224969449253
131,2018-12-07,0.9444963548052481,0.8488908086606488
132,2018-12-09,0.9832239023695214,0.8841589581024536
133,2018-12-12,0.9892344205803043,0.9314897572643162
134,2018-12-14,0.997549373532839,0.9969696562220456
135,2018-12-17,0.9201985029465749,0.8297662186200361
136,2018-12-19,0.0006610744737955,0.0
137,2018-12-24,0.9965673234022308,0.9888976229501611
138,2018-12-27,0.9998442945564728,0.9999275100243645
139,2018-12-29,0.0,0.0
140,2019-01-01,0.9793929029109032,0.9327100368376608
141,2019-01-03,0.6641803627315619,0.254076316394088
142,2019-01-06,0.999899355951356,0.9999275100243645
143,2019-01-08,0.44621945230417315,0.15585494957894275
144,2019-01-11,0.9998793134966812,0.9993546797922436
145,2019-01-13,0.9970328952776607,0.9944382688952578
146,2019-01-16,0.9998977955784477,0.9999275100243645
147,2019-01-21,0.9142070280186241,0.7058330104936283
148,2019-01-23,0.9971678588441639,0.9964600784533062
149,2019-01-26,0.9567896965167105,0.8023059120809746
150,2019-01-28,0.6465027322795545,0.1915547220293371
151,2019-01-31,0.9998958068438522,0.9999275100243645
152,2019-02-02,0.37411717086620866,0.1331741493638502
153,2019-02-05,0.9974881297336381,0.9945891725915446
154,2019-02-07,0.9969423665744352,0.991609779875865
155,2019-02-10,0.0220436660237597,0.0092187991715497
156,2019-02-12,0.773122724048981,0.45652064505885326
157,2019-02-15,0.0974970651826074,0.00474096883331815
158,2019-02-17,0.0585032672880772,0.00422552205696655
159,2019-02-20,0.23261014906120792,0.057030670908856496
160,2019-02-22,0.9964828977265558,0.9900063315859922
161,2019-02-25,0.3023183509179179,0.1100632963463262
162,2019-02-27,0.0050129375901506,2.3624216493773744e-05
163,2019-03-02,0.6276018941857564,0.34408142388665164
164,2019-03-04,0.1779311118169716,0.00610929547489275
165,2019-03-07,0.3853607202610909,0.1262856025592882
166,2019-03-09,0.13845690694920504,0.09251445325797052
167,2019-03-12,0.9553222854274859,0.832831536925477
168,2019-03-14,0.997755599920457,0.9982633199145655
169,2019-03-17,0.597793083275003,0.27393744114979335
170,2019-03-19,0.1176015563370138,0.02111488234262525
171,2019-03-22,0.5074859268960878,0.17679630073095504
172,2019-03-24,0.2416465079195678,0.04125059468997805
173,2019-03-27,0.07229331043286619,0.0069268613534312
174,2019-03-29,0.6426520938939483,0.4025179176786841
175,2019-04-01,0.02405987272433945,0.000425260655591686
176,2019-04-03,0.0042875053150208,0.0002002362618300504
177,2019-04-06,0.9841933034515564,0.90629700662967
178,2019-04-08,0.0231801586035341,0.0009056285807933699
179,2019-04-11,0.9890530176361785,0.9413777367154306
180,2019-04-13,0.9974043336352549,0.9957050626800338
181,2019-04-16,0.07582506004287876,0.0037232022544835004
182,2019-04-18,0.5934937706854997,0.2473097106700188
183,2019-04-21,0.0373101235268007,0.0004362859855043383
184,2019-04-23,0.040907470337125953,0.00046911956200300505
185,2019-04-26,0.9331710841176708,0.7675481137509159
186,2019-04-28,0.17929454208354895,0.0201395365479016
187,2019-05-01,0.0663475119186267,0.0040900609059328005
188,2019-05-03,0.2788875342602935,0.0719728713753726
189,2019-05-06,0.051121436929504604,0.006839856422227542
190,2019-05-08,0.07090425774912815,0.00206245987420743
191,2019-05-11,0.0801159854423702,0.0035122517281283
192,2019-05-13,0.00041901819904797716,0.0
193,2019-05-16,0.20912042141007586,0.0228197624809264
194,2019-05-18,0.46742112182521056,0.13572097281650541
195,2019-05-23,0.09577417023421425,0.012769930038805917
196,2019-05-26,0.26454052525548927,0.0450532713052609
197,2019-05-28,0.621183176488869,0.3003007470971217
198,2019-05-31,0.05982935395929805,0.0110052770311864
199,2019-06-02,0.382315105441219,0.0942864515092583
200,2019-06-05,0.21702337823028672,0.0535447196706105
201,2019-06-07,0.24107261436424743,0.06903827216627925
202,2019-06-10,0.1571858655330217,0.02794661369335082
203,2019-06-12,0.18107423007843734,0.013933894088057201
204,2019-06-15,0.11836514035832385,0.00831207724641435
205,2019-06-17,0.1845612145834675,0.029434007932492803
206,2019-06-20,0.18579862225313676,0.02663536480576845
207,2019-06-22,0.5104752779129336,0.127972065647752
208,2019-06-25,0.21000463909530645,0.03142930210613195
209,2019-06-27,0.0146388486469959,0.0
210,2019-06-30,0.2150725622417358,0.033649242194068646
211,2019-07-02,0.04778654603624015,0.0010237439703889054
212,2019-07-05,0.0018188751263518866,0.0
213,2019-07-07,0.0291567320584463,0.0
214,2019-07-10,0.0,0.0
215,2019-07-12,0.0,0.0
216,2019-07-15,0.00020664969435945133,0.0
217,2019-07-17,0.5852695745315594,0.2128030620596463
218,2019-07-20,0.012286889427193099,7.819202018359694e-05
219,2019-07-22,0.029491452845028653,0.0004580907235548898
220,2019-07-25,0.0907019764577304,0.00708724711500085
221,2019-07-27,0.3412465771663544,0.11427634454856006
222,2019-07-30,0.3155610042450617,0.0511942301176052
223,2019-08-01,0.007742258997479934,2.8231049733815314e-05
224,2019-08-04,7.322194351265139e-05,0.0
225,2019-08-06,4.484592525663347e-05,0.0
226,2019-08-09,0.004856982240050812,2.5428299246698194e-06
227,2019-08-11,0.7122775502367827,0.45064194654783896
228,2019-08-14,0.2204039737165658,0.04081870129198565
229,2019-08-16,0.758425014208957,0.4505255092686448
230,2019-08-19,0.0863100911467275,0.01292981092101145
231,2019-08-21,0.014691064289402771,0.0001417076796067695
232,2019-08-24,0.34641917728220056,0.07205204147635626
233,2019-08-26,0.709716335654839,0.3889128156951599
234,2019-08-29,0.0022381360944039,0.0
235,2019-08-31,0.0033070584189621,0.0
236,2019-09-03,0.011386195847725,0.0
237,2019-09-05,0.03816343343080855,0.001835557459292
238,2019-09-08,0.0670429531120604,0.0021724240771409963
239,2019-09-10,0.11392404836293604,0.012501929795230002
240,2019-09-13,0.00561099954367205,0.0
241,2019-09-15,0.0004550445491394906,0.0
242,2019-09-18,0.11172537780984429,0.0101826071642891
243,2019-09-20,0.009256107597953577,6.55277841418426e-05
244,2019-09-23,0.0,0.0
245,2019-09-28,0.28428535394463716,0.08299974228267135
246,2019-09-30,0.1136802602476968,0.0059758374480966
247,2019-10-03,0.529253318106338,0.1334453136889189
248,2019-10-05,0.31937201417968425,0.0681073512382834
249,2019-10-08,0.1514842597862269,0.009676213688559199
250,2019-10-10,0.08195578463162985,0.00204801321372275
251,2019-10-13,0.0879547238126746,0.005300013434492818
252,2019-10-15,0.00176378775233895,0.0
253,2019-10-18,0.9811879718976818,0.9246156868682874
254,2019-10-20,0.3821603446815137,0.15070310521270935
255,2019-10-23,0.22928540801297742,0.05970548913003055
256,2019-10-25,0.1175912852107744,0.026475362640772
257,2019-10-28,0.8601641934614266,0.6641143335767425
258,2019-10-30,0.7825993267079431,0.6124346579645227
259,2019-11-02,0.38957171966521786,0.0758320151209297
260,2019-11-04,0.4316006110293017,0.0924328304618761
261,2019-11-07,0.9999127912597705,0.9999275100243645
262,2019-11-09,0.9269037793755022,0.7641682540530497
263,2019-11-12,0.9835536124753772,0.9179773058317774
264,2019-11-14,0.9977288330375758,0.9979275519191352
265,2019-11-17,0.34732647665940664,0.16066601028497648
266,2019-11-19,0.0,0.0
267,2019-11-22,0.9657460674514247,0.9461140550397347
268,2019-11-24,0.9970245511406572,0.9935036635206724
269,2019-11-27,0.999483961088413,0.9944457693761786
270,2019-11-29,0.959678666462136,0.8118428855761552
271,2019-12-02,0.31106368007790697,0.10057556073040294
272,2019-12-04,0.10167526845026029,0.01140544007067895
273,2019-12-07,0.9994308520137759,0.9961463648943426
274,2019-12-09,0.9007516788615948,0.7181105932635142
275,2019-12-12,0.9401945738760624,0.7779661978101012
276,2019-12-14,0.30660852636131253,0.1081050772526841
277,2019-12-17,0.3245536449027501,0.0698626588119866
278,2019-12-19,0.11188375529504181,0.04793662242825905
279,2019-12-22,0.5722346423417867,0.2606721049415878
280,2019-12-24,0.9795483874986496,0.9186562273420138
281,2019-12-27,0.5168474788594064,0.31743379073970013
282,2019-12-29,0.9971429363244007,0.9975328831514825
283,2020-01-03,0.7149503866813317,0.39823726239141494
284,2020-01-06,0.10975545371534615,0.0563231912263185
285,2020-01-08,0.237426108003055,0.045142439206075455
286,2020-01-11,0.9999073654235637,0.9999275100243645
287,2020-01-13,0.9974621916362445,0.9965855797787755
288,2020-01-16,0.9999147852005337,0.9999275100243645
289,2020-01-18,0.9954058143172613,0.9727846293165263
290,2020-01-21,0.25923552255144156,0.07695453317138895
291,2020-01-23,0.0365605774627139,0.0026013634754077845
292,2020-01-26,0.9998905705246603,0.9996415572410176
293,2020-01-28,0.9332205560822602,0.8270112125860121
294,2020-01-31,0.6202576704167436,0.29358107105067066
295,2020-02-02,0.5656362782660695,0.2185383136331501
296,2020-02-05,0.47958000566210335,0.14140822110208578
297,2020-02-07,0.7024678229115017,0.3459541843989985
298,2020-02-10,0.28996332625599985,0.07814182644377245
299,2020-02-12,0.9883823217425183,0.9639547517939482
300,2020-02-15,0.9526810583517966,0.755119771835568
301,2020-02-17,0.7814433075100542,0.48252601127276973
302,2020-02-20,0.2900842418786599,0.0792802605642905
303,2020-02-22,0.961138973888395,0.8019157115228553
304,2020-02-25,0.6268850793636827,0.20704317846389836
305,2020-02-27,0.0905777080778101,0.0136645339583945
306,2020-03-01,0.98125677714399,0.9035336656213406
307,2020-03-03,0.02682428103078035,0.0004955777239180361
308,2020-03-06,0.6749006025913409,0.29049828854813714
309,2020-03-08,0.0405867790867702,0.00125432549549715
310,2020-03-11,0.133099954729623,0.01815114141302345
311,2020-03-13,0.9950813057120615,0.974984031533124
312,2020-03-16,0.277770706656229,0.07966316705886045
313,2020-03-18,0.36275962849484994,0.10517446119495996
314,2020-03-21,0.18387814154375576,0.01903428882230575
315,2020-03-23,0.42930032072375157,0.09471983604483089
316,2020-03-26,0.5568455359407287,0.2644195965570211
317,2020-03-28,0.9253250146393812,0.7683292799022485
318,2020-03-31,0.963498908405403,0.9230633623577318
319,2020-04-02,0.013433073283956399,1.707986839993417e-05
320,2020-04-05,0.32520321602080127,0.09900812861747245
321,2020-04-07,0.0759000742567233,0.00129643031436135
322,2020-04-10,0.07610755120180744,0.005338404587843146
323,2020-04-12,0.25204446549666426,0.03686074991372995
324,2020-04-15,0.9984192657900329,0.9888072861205102
325,2020-04-17,0.18139130176679752,0.0134334230242565
326,2020-04-20,0.41280522652619667,0.08478853027698735
327,2020-04-22,0.10367214120544034,0.0141741232954613
328,2020-04-25,0.100809697186952,0.01318923393209695
329,2020-04-27,0.4241337662871112,0.07185004589246495
330,2020-04-30,0.00916608015116525,7.108365471236086e-06
331,2020-05-02,0.5940634360127945,0.20001192352867456
332,2020-05-05,0.0169198017665304,0.0010764797444680725
333,2020-05-07,0.10988593799842204,0.0131727633629674
334,2020-05-10,0.8835013840795316,0.5977531578669639
335,2020-05-12,0.08099784359324845,0.01099474474557845
336,2020-05-15,0.40197499068768694,0.08549770443867971
337,2020-05-20,0.0,0.0
338,2020-05-22,0.0,0.0
339,2020-05-25,5.686692376988869e-05,0.0
340,2020-05-27,0.0,0.0
341,2020-05-30,0.37576925561029917,0.208556502999662
342,2020-06-01,0.03579524834456965,0.0009094233320849604
343,2020-06-04,0.004591448840417949,1.6875144045536075e-05
344,2020-06-06,0.0142486686178755,0.0
345,2020-06-09,0.031071089648591198,0.0008811867592776727
346,2020-06-11,0.29766788397343635,0.054891242291858156
347,2020-06-14,0.1867047317440544,0.01760126854859035
348,2020-06-16,0.12073195980852361,0.0147190015809691
349,2020-06-19,0.03238940333569655,0.0003721142841029927
350,2020-06-21,0.2760824432305592,0.04100009101978195
351,2020-06-24,0.5613427943151983,0.20989272523016245
352,2020-06-26,0.02134445590938345,0.0002011974586186412
353,2020-06-29,0.10352036979970339,0.0086144419876338
354,2020-07-01,0.0026921482678195,0.0
355,2020-07-04,0.04304330730963575,0.0010391526235058398
356,2020-07-06,0.030127096611784802,0.00022955696427155544
357,2020-07-09,0.057698360433306,0.0039052686822063504
358,2020-07-11,0.03365140218555155,2.123753382165053e-05
359,2020-07-14,0.042011166321046,0.00138834223152185
360,2020-07-16,0.0059273180703699,0.0
361,2020-07-21,0.0025662581890181,0.0
362,2020-07-24,0.01702736545864398,0.00252655105384455
363,2020-07-26,0.5324029748308476,0.14954027299040323
364,2020-07-29,0.0,0.0
365,2020-07-31,0.1030073429895765,0.013204664156797651
366,2020-08-03,0.09445111442157907,0.004492406207911733
367,2020-08-05,0.2859478289234068,0.0672900588094571
368,2020-08-08,0.0013276708354104994,0.0
369,2020-08-10,0.05809576807025555,0.00795356865171405
370,2020-08-13,0.4236939458691903,0.13743320187475078
371,2020-08-15,0.02106309519016795,0.0006175931911866
372,2020-08-18,0.2841257995997474,0.0647680342922108
373,2020-08-20,0.5467416460665906,0.25112357202492586
374,2020-08-23,0.00843097457478965,0.00024023963629210088
375,2020-08-25,0.7490577798780076,0.4476516271707214
376,2020-08-28,0.3023333527803393,0.0402607621229751
377,2020-08-30,0.13186746232009966,0.0043173189016527
378,2020-09-02,0.6969774422332597,0.36244621943794564
379,2020-09-04,0.0057527518598004,0.0
380,2020-09-07,0.0016876426225564001,0.0
381,2020-09-09,0.025434701256711698,8.149840258343952e-05
382,2020-09-12,0.003920436590632741,6.351295652754844e-05
383,2020-09-14,0.12533553937433395,0.00627098020131145
384,2020-09-17,0.10577218695232424,0.0025064772685632368
385,2020-09-19,0.06884514589145045,0.009562683671286813
386,2020-09-22,0.0019420689097790257,0.0
387,2020-09-24,0.0008144864074850432,0.0
388,2020-09-27,0.3211295783613227,0.10692633292908496
389,2020-09-29,0.5143763177815461,0.17269932826678694
390,2020-10-02,0.16787199732070882,0.02376824871286915
391,2020-10-04,0.1545181032103311,0.01401625640976355
392,2020-10-07,0.04269599296550425,0.0005927872667569196
393,2020-10-09,0.9346245939391282,0.7292254881004008
394,2020-10-12,0.842330848399451,0.4246707600707802
395,2020-10-14,0.6943948050531337,0.24240763905571375
396,2020-10-17,0.8301948456411519,0.49169631695661287
397,2020-10-19,0.5440189936214284,0.19543485528915927
398,2020-10-22,0.24883778540850643,0.0677860741245918
399,2020-10-24,0.007347850281847724,0.0004284329472365898
400,2020-10-27,0.30305956748886104,0.0916655456234097
401,2020-10-29,0.9976385732013497,0.9937341812093827
402,2020-11-01,0.7676470374455697,0.43317512583292705
403,2020-11-03,0.2320613688576464,0.028342771477859498
404,2020-11-06,0.40365780971699977,0.1253875270023226
405,2020-11-08,0.12697722200199263,0.007970504091128301
406,2020-11-11,0.999811870507879,0.9986564082697795
407,2020-11-13,0.9988914417068011,0.9997548491954292
408,2020-11-16,0.9428933582207881,0.859077084226371
409,2020-11-18,0.28335183117539825,0.0583829106233117
410,2020-11-21,0.981273193173477,0.8971980633062311
411,2020-11-23,0.8722439761010039,0.7174416366796471
412,2020-11-26,0.4664007544379306,0.21103089959851068
413,2020-11-28,0.0977922863228972,0.0023102865358794666
414,2020-12-01,0.9999275100243645,0.9999275100243645
415,2020-12-03,0.09367519029473331,0.0156485937042064
416,2020-12-06,0.9541692346615291,0.800592143102675
417,2020-12-08,0.9974775998781095,0.994844250381699
418,2020-12-11,0.9999275100243645,0.9999275100243645
419,2020-12-13,0.8573446397969334,0.5807095937200173
420,2020-12-16,0.9999275100243645,0.9999275100243645
421,2020-12-18,0.43859608405394196,0.11865022608292575
422,2020-12-21,0.9999275100243645,0.9999275100243645
423,2020-12-23,0.9983695192251508,0.999753896907912
424,2020-12-26,0.6464125228565041,0.31101257021074513
425,2020-12-28,0.997576655661336,0.999021493473059
426,2020-12-31,0.9999275100243645,0.9999275100243645
427,2021-01-02,0.9983841964576013,0.9995035502815016
428,2021-01-05,0.767574272431973,0.46761041495172406
429,2021-01-07,0.17699547187413153,0.08673408289740425
430,2021-01-10,0.9999242736953695,0.9999275100243645
431,2021-01-12,0.9708830426369603,0.8856782322359329
432,2021-01-15,0.9999275100243645,0.9999275100243645
433,2021-01-17,0.9944998724659856,0.9899180536674771
434,2021-01-20,0.6593599989810676,0.23847943721457138
435,2021-01-22,0.9339713359195654,0.7353797237888975
436,2021-01-25,0.9997724109801378,0.9997618055688404
437,2021-01-27,0.9445023705617559,0.8015799836510724
438,2021-01-30,0.5546413508293301,0.21789435936808899
439,2021-02-01,0.9977114832121163,0.9997385556663644
440,2021-02-04,0.9995402323227164,0.9951438339815677
441,2021-02-06,0.998079833456426,0.9982190843453089
442,2021-02-09,0.9994068150755715,0.9938416665115746
443,2021-02-11,0.1166682017937582,0.0254944297418513
444,2021-02-14,0.882544664165337,0.8122145615317861
445,2021-02-16,0.12502959905450461,0.00942353438901445
446,2021-02-19,0.40910972077987173,0.11849284926032835
447,2021-02-21,0.9973150089136998,0.9934771916947096
448,2021-02-24,0.9893091884638935,0.9152489044847382
449,2021-02-26,0.9981447491059525,0.9990473688737308
450,2021-03-01,0.11146525252265582,0.0098266949859059
451,2021-03-03,0.20950943440154304,0.08361125158531989
452,2021-03-06,0.0009122061243520352,0.0
453,2021-03-08,0.9919534947457311,0.9608364639486755
454,2021-03-11,0.7103954187427398,0.33631484677955303
455,2021-03-13,0.996292891561774,0.9807342431447729
456,2021-03-16,0.7537799631258708,0.39879486728670177
457,2021-03-18,0.8353428997802375,0.4742649946421332
458,2021-03-21,0.0,0.0
459,2021-03-23,0.9969176154095635,0.9841788654465295
460,2021-03-26,0.22380246535827603,0.0575829841227044
461,2021-03-28,0.997840921477412,0.996949122759872
462,2021-03-31,0.0225803140952266,0.0005256504544483017
463,2021-04-02,0.12280554302634,0.0224945623178136
464,2021-04-05,0.8157012008749944,0.603077096503208
465,2021-04-07,0.15400796574819964,0.016752467593503052
466,2021-04-10,0.1482304986320273,0.021135444129014552
467,2021-04-12,0.01107263788192595,0.00020367673132548129
468,2021-04-15,0.4709018629683194,0.2153196868216952
469,2021-04-17,0.1683755702289404,0.00748530119065305
470,2021-04-20,0.049756309230311255,0.007561967898203993
471,2021-04-22,0.6164787350922474,0.240673938869612
472,2021-04-25,0.24324700861390705,0.04753895781241295
473,2021-04-27,0.5569085830890188,0.260290218639985
474,2021-04-30,0.9509191629443512,0.8430923875444751
475,2021-05-02,0.0810075548174924,0.00854550832672595
476,2021-05-05,0.1394214937812112,0.01143825697706755
477,2021-05-07,0.00262885964393175,0.0
478,2021-05-10,0.1490250936780381,0.03000665175613945
479,2021-05-12,0.08519980536914926,0.013242736466156299
480,2021-05-15,0.08525301111839725,0.007452607877269456
481,2021-05-17,0.010570526760718,0.0
482,2021-05-20,0.15824282117244431,0.031963058489315396
483,2021-05-22,0.3074503796512698,0.0407039501785847
484,2021-05-25,0.32406925207138615,0.06645273651360445
485,2021-05-27,0.022705564784949103,0.00012005596799512893
486,2021-05-30,0.00024761066382583794,0.0
487,2021-06-01,0.1124624786661242,0.006545851831371077
488,2021-06-04,0.0004742719963983328,0.0
489,2021-06-06,0.12873864782487798,0.018720714098642108
490,2021-06-09,0.0,0.0
491,2021-06-11,0.045560688764965454,0.00263648398931865
492,2021-06-14,0.16106298889672366,0.0103525764711543
493,2021-06-16,0.33292479203425507,0.07742254497653304
494,2021-06-19,0.2557790964489909,0.029516257566350297
495,2021-06-21,0.330475503604466,0.044126887180978056
496,2021-06-24,0.05262521362682635,0.0006974664283590456
497,2021-06-26,0.36974755808943355,0.08230859299549001
498,2021-06-29,0.028466587070796898,0.00044689231935392433
499,2021-07-01,0.0095439584114262,0.0011164466540172
500,2021-07-04,0.1699318169240417,0.012336844164264301
501,2021-07-06,0.03164593501500985,0.0026830464476403
502,2021-07-09,0.00430621620750678,0.0
503,2021-07-11,0.0057793572613447,0.0
504,2021-07-14,0.08073689081675264,0.00565986503762006
505,2021-07-16,0.1741059981790334,0.02142918855170365
506,2021-07-19,0.27218943982705396,0.054680570450743954
507,2021-07-21,0.15049592886305285,0.01574643441996485
508,2021-07-24,0.2702432914336876,0.047487769374437105
509,2021-07-26,5.088960954887899e-06,0.0
510,2021-07-29,0.0044395157744672,0.0
511,2021-07-31,0.23927604192932916,0.04685973758483415
512,2021-08-03,0.4946593831392343,0.1958428558200886
513,2021-08-05,0.4954407460996352,0.22100663402397658
514,2021-08-08,0.0355373952199557,0.00168920962450335
515,2021-08-10,0.0060231233815472,0.0
516,2021-08-13,0.001553210037848484,1.543035431561004e-05
517,2021-08-15,0.0062861973650469,6.495317640136477e-05
518,2021-08-18,0.0192191498357066,0.0003882772858579736
519,2021-08-20,0.01035107306811725,0.0
520,2021-08-23,0.2244620195622204,0.03123344259605615
521,2021-08-25,0.0,0.0
522,2021-08-28,0.0,0.0
523,2021-08-30,0.002368649691476783,0.0
524,2021-09-02,0.16094225554616687,0.01594801795216105
525,2021-09-04,0.014035799624428,0.00043512341789020084
526,2021-09-07,0.0010656423340377934,0.0
527,2021-09-09,0.0,0.0
528,2021-09-12,0.0998816124894269,0.00384718239485165
529,2021-09-14,0.27490438491792724,0.025443995989319602
530,2021-09-17,0.09453368229202445,0.008556235691951228
531,2021-09-19,0.5505660147947447,0.22845329711599516
532,2021-09-22,0.3402912162555698,0.05343412294907235
533,2021-09-24,0.0259763960645091,1.868734820627685e-05
534,2021-09-27,0.1917318415311844,0.02016403352120005
535,2021-09-29,0.8316672321058722,0.5994861119349406
536,2021-10-02,0.8106873207883217,0.4748637370079953
537,2021-10-04,0.07438513589865889,0.00742591889905925
538,2021-10-07,0.11756163110982296,0.016159277488751102
539,2021-10-09,0.5761193342504787,0.2184008962789708
540,2021-10-12,0.789881969053995,0.3646258919421619
541,2021-10-14,0.227073106857334,0.028997781927556095
542,2021-10-17,0.697652248469373,0.3193736930682215
543,2021-10-19,0.3512581157993909,0.05324021398518585
544,2021-10-22,0.0,0.0
545,2021-10-24,0.790772590731665,0.4367814848189884
546,2021-10-27,0.5713922826851447,0.2017665721755767
547,2021-10-29,0.9325003938286027,0.7249021071366633
548,2021-11-01,0.0584843061811954,0.00455441468747475
549,2021-11-03,0.9203198753003871,0.6908072272152678
550,2021-11-06,0.9704018867114227,0.8598605589986008
551,2021-11-08,0.6713851945652717,0.2672260203599632
552,2021-11-11,0.9584504484832939,0.8463397757659368
553,2021-11-13,0.6791233540886636,0.4402052984371644
554,2021-11-16,0.5409671006599692,0.1589351920047759
555,2021-11-18,0.998422713599183,0.9991608950503599
556,2021-11-21,0.22049528217966885,0.041367974193558296
557,2021-11-23,0.06219427381398943,0.0142463709569665
558,2021-11-26,0.3734462836730694,0.10737049873785709
559,2021-11-28,0.8010433417656699,0.5296299534659477
560,2021-12-01,0.9998988421383592,0.9999275100243645
561,2021-12-03,0.3683877116920327,0.3273442790550493
562,2021-12-06,0.99073494360308,0.9643442197346556
563,2021-12-08,0.22062253655888592,0.0212814755657568
564,2021-12-11,0.02329867840833345,0.00118032451569699
565,2021-12-13,0.8157340220661198,0.718160958455994
566,2021-12-16,0.9999275100243645,0.9999275100243645
567,2021-12-18,0.9844944747641967,0.9112134534714257
568,2021-12-21,0.9999275100243645,0.9999275100243645
569,2021-12-23,0.2592797463450968,0.02609102254670035
570,2021-12-26,0.3108343037712741,0.0605626825798819
571,2021-12-28,0.36307010992627975,0.13706011613591096
572,2021-12-31,0.3125201394766678,0.10550698910339185
