,Date,cf_200,cf_2000
0,2018-01-02,0.954135878520777,0.7929639660790432
1,2018-01-04,0.9999446716013576,0.9989218278426288
2,2018-01-07,0.9172013181962428,0.7996467538596875
3,2018-01-09,0.9999203066380724,1.0000251887231564
4,2018-01-14,0.05315707038277001,0.0189609405395869
5,2018-01-17,0.0,0.0
6,2018-01-22,0.9956957983530577,0.9781606610931421
7,2018-01-24,0.9909907376979935,0.951753994907372
8,2018-01-27,0.9957549134747393,0.9777645199585117
9,2018-01-29,0.000689828479076,0.0
10,2018-02-03,1.0000251887231564,1.0000251887231564
11,2018-02-06,0.9971897284849554,0.9982888064607556
12,2018-02-08,0.7742113379465185,0.5467329378778425
13,2018-02-11,0.9971862624005374,0.996797481108157
14,2018-02-13,0.9553592602128365,0.8405849442627802
15,2018-02-16,0.44908068023221415,0.20405756377351103
16,2018-02-18,1.0000208064005691,1.0000251887231564
17,2018-02-21,0.9768487239831314,0.8887446060811535
18,2018-02-23,0.931811618670899,0.7903806491501171
19,2018-02-26,0.0123028832108675,0.0
20,2018-02-28,0.861940975771025,0.7065847596438852
21,2018-03-03,0.5701570469652062,0.25132738472127125
22,2018-03-05,0.00618264857699017,0.00012077450209545405
23,2018-03-08,0.7151785300589515,0.3703972220613762
24,2018-03-10,0.0465846356842297,0.021397217206699806
25,2018-03-13,0.5775562836328582,0.19768014772216375
26,2018-03-15,0.8742256995650093,0.7280718112069212
27,2018-03-18,0.004494748421613939,2.601975371009734e-05
28,2018-03-20,0.2587719880552434,0.13098533212818364
29,2018-03-23,0.6784552276865052,0.38096310528413097
30,2018-03-25,0.0528231282464715,0.024632557794929167
31,2018-03-28,0.9871215796209156,0.9430927022166284
32,2018-03-30,0.07325168725409481,0.0405616270951352
33,2018-04-02,0.9907930132423348,0.9683087152427895
34,2018-04-04,0.42817710166768586,0.1234987204917285
35,2018-04-07,0.8346003536835509,0.6526636316690091
36,2018-04-09,0.15517458717928756,0.03058724203483795
37,2018-04-12,0.06128584364880969,0.00624996432241725
38,2018-04-14,0.7422362447686096,0.6251716816298092
39,2018-04-17,0.6230171157746313,0.3966775179362869
40,2018-04-19,0.7477003725702124,0.4565875359698429
41,2018-04-22,0.9962210694616418,0.9910139369526765
42,2018-04-24,0.15740240166111916,0.04958788121086375
43,2018-04-27,0.6134936630889458,0.345677719979086
44,2018-04-29,0.17824876406119866,0.02936556953977705
45,2018-05-02,0.7158766689864478,0.38924550287628434
46,2018-05-04,0.43949126250083975,0.17997796320953155
47,2018-05-07,0.6552315834548407,0.27078267881868723
48,2018-05-09,0.3227575266204596,0.0975632815248227
49,2018-05-12,0.0008460417590004,0.0
50,2018-05-14,0.0011870616307937,0.0
51,2018-05-17,0.6962136008717785,0.40499899513085347
52,2018-05-19,0.15880630863030976,0.041715612111173694
53,2018-05-22,0.01640644754784065,0.0002713500085538212
54,2018-05-24,0.0729109496915538,0.001878513358628
55,2018-05-29,0.0002387160354943488,0.0
56,2018-06-01,0.2911948836067465,0.1427374768155084
57,2018-06-03,0.40992510564274076,0.2739741596127953
58,2018-06-06,0.7283958897152509,0.4892336994092683
59,2018-06-08,0.38637513617792174,0.14924724547819485
60,2018-06-11,0.8531447037981946,0.602322884387144
61,2018-06-13,0.2242386427807033,0.04972701892379765
62,2018-06-16,0.421536002337458,0.15145166120559933
63,2018-06-18,0.0,0.0
64,2018-06-21,0.22354037946351923,0.031201753765437247
65,2018-06-23,0.17960228115208865,0.06229330006171785
66,2018-06-26,0.15807145811078793,0.0317509296265883
67,2018-06-28,0.6978126348158413,0.36740277992079584
68,2018-07-01,0.1134151591249502,0.00454311407993885
69,2018-07-03,0.13896798285472656,0.021609533881075352
70,2018-07-06,0.1053651119302655,0.0032481811602240365
71,2018-07-08,0.9644029975506898,0.9188996355786673
72,2018-07-11,0.7517435948273958,0.38061710244024116
73,2018-07-13,0.2100690947729603,0.08722402317911984
74,2018-07-16,0.04631877702949215,0.0001225230011214128
75,2018-07-18,0.0,0.0
76,2018-07-21,0.16560451400652937,0.0125433988023051
77,2018-07-23,0.7876493633785479,0.4303857700424362
78,2018-07-26,0.28380070215269765,0.0144635656315444
79,2018-07-28,0.010626926276765451,1.81474440760821e-05
80,2018-07-31,0.0,0.0
81,2018-08-02,0.5242152834201974,0.1567025510686435
82,2018-08-05,0.16612035905153538,0.01566518851746905
83,2018-08-07,0.7063726860182766,0.36223885160617164
84,2018-08-10,0.37337999388249404,0.10047575116910709
85,2018-08-12,0.0005640015714430083,0.0
86,2018-08-15,0.42721635373713857,0.08607070757175254
87,2018-08-17,0.4234571113247603,0.25623772693423474
88,2018-08-20,0.00964000602500375,0.00011338262580919606
89,2018-08-22,0.04288513334690353,0.010769797695492677
90,2018-08-25,0.15614004286898925,0.017256568732843
91,2018-08-27,0.0614356598722805,0.0224255782619662
92,2018-08-30,0.05663020082939825,0.0157036036246185
93,2018-09-01,6.011998799243611e-05,0.0
94,2018-09-04,6.77330194112535e-05,0.0
95,2018-09-06,0.9963430189673603,0.9844039132945683
96,2018-09-09,0.0,0.0
97,2018-09-11,0.021084339798224452,0.0033155492667794
98,2018-09-14,0.9302840770782319,0.8586848252277468
99,2018-09-19,0.9788683080957454,0.8993576623408327
100,2018-09-21,1.0000251887231564,1.0000251887231564
101,2018-09-24,0.023773751440655598,0.00043820713131214185
102,2018-09-26,0.1095047613580786,0.03791176915265085
103,2018-09-29,0.9971736772892499,0.9978911287027277
104,2018-10-01,1.0000251887231564,1.0000251887231564
105,2018-10-04,0.8941220777115237,0.6510731792331363
106,2018-10-06,1.0000005889458592,1.0000251887231564
107,2018-10-11,0.794493101560135,0.46278157937078274
108,2018-10-14,3.277651752934981e-06,0.0
109,2018-10-16,0.8971847247371576,0.8021715487953409
110,2018-10-19,0.5849582073113564,0.3735650418944226
111,2018-10-21,0.0453122424860719,0.0147236073425078
112,2018-10-24,0.1866592938780276,0.03919033024763662
113,2018-10-26,0.7770277554900523,0.6770253923147294
114,2018-10-29,0.2110102117544791,0.047456131848377
115,2018-10-31,0.0167392305849099,0.000311007956106657
116,2018-11-03,0.7454524852650453,0.4445908855647741
117,2018-11-05,0.8405916729584961,0.7200791188920631
118,2018-11-08,0.06635266659895475,0.004449014025177225
119,2018-11-10,0.0,0.0
120,2018-11-15,0.9949772021672756,0.9714116830988804
121,2018-11-18,0.8114249941451968,0.5809105307549535
122,2018-11-20,0.43679285670253387,0.3401572423982619
123,2018-11-23,0.11914422056076321,0.02113190938822915
124,2018-11-25,0.054137830407946654,0.015482544444506927
125,2018-11-28,0.01204408935080105,0.0
126,2018-11-30,0.00060753759914625,0.0
127,2018-12-03,2.0137697801750028e-05,0.0
128,2018-12-08,0.6458642490904315,0.4694030514603267
129,2018-12-10,0.9990678061812276,0.9987822228377694
130,2018-12-13,0.028933589549171,0.001640055245166877
131,2018-12-15,0.18984018921284368,0.07161027461361244
132,2018-12-18,0.9230173189146115,0.6882458483404332
133,2018-12-20,0.000164623881363825,0.0
134,2018-12-23,0.742016039191339,0.5098343488323631
135,2018-12-25,0.9976211346777322,0.9818758251517247
136,2018-12-28,0.9926253660676536,0.979884018722416
137,2018-12-30,0.9949252997498905,0.9791615018945553
138,2019-01-02,0.9960342333171539,0.9859738308980106
139,2019-01-04,0.9998648453874877,1.0000251887231564
140,2019-01-07,0.9968075125218891,0.9930625209542516
141,2019-01-09,0.834537708509746,0.6985786848816531
142,2019-01-12,0.0044705810089446,0.0
143,2019-01-14,0.9999305264746949,1.0000251887231564
144,2019-01-17,0.6784787709079273,0.3314214609511489
145,2019-01-19,0.7135719807301586,0.4282658178885741
146,2019-01-22,0.7021021417007303,0.3637653957498385
147,2019-01-24,1.0000129350271307,1.0000251887231564
148,2019-01-27,0.17178493289906188,0.04013705244351875
149,2019-01-29,0.9998805232062907,0.9991025696486847
150,2019-02-01,0.1830830829633929,0.07264162929572315
151,2019-02-03,0.036400028668013305,0.0069562523691931
152,2019-02-06,0.02687384542869275,0.00303914223146385
153,2019-02-08,1.0000251887231564,1.0000251887231564
154,2019-02-11,0.9922205704348841,0.944200392089105
155,2019-02-13,0.984224740711504,0.9026901864630978
156,2019-02-16,0.9971385520139442,0.9931657045028472
157,2019-02-18,0.8117340090240681,0.680871478612323
158,2019-02-21,0.9946557826881963,0.9663641960694157
159,2019-02-23,0.1371841949456992,0.0915788591615384
160,2019-02-26,0.994699304367141,0.9679466476696219
161,2019-02-28,0.07368585270090061,0.0309508634558318
162,2019-03-03,0.9963016180841956,0.988400798863956
163,2019-03-05,0.861377411478077,0.7728254775278309
164,2019-03-08,0.995479893845468,0.9860199339276937
165,2019-03-10,1.0000251887231564,1.0000251887231564
166,2019-03-13,0.9965068294434377,0.9905158116667387
167,2019-03-15,1.0000175196586287,1.0000251887231564
168,2019-03-18,0.7629752787566318,0.5181153670672534
169,2019-03-20,0.8683996681647681,0.5985532299644778
170,2019-03-23,0.9963621497947139,0.9882884614922033
171,2019-03-25,0.15036768915788123,0.035526407043693954
172,2019-03-28,0.9967844915154649,0.9943999557896752
173,2019-03-30,0.7361899822047513,0.4975962599067104
174,2019-04-02,0.996523396398806,0.9925153691097603
175,2019-04-04,0.04543532917768835,0.01000025696327465
176,2019-04-07,0.22047526830244044,0.049441204204440856
177,2019-04-09,1.0000159471822516,1.0000251887231564
178,2019-04-12,0.9918265264577493,0.9583620124154599
179,2019-04-14,0.5680218630719455,0.34453834821844037
180,2019-04-17,0.9695364116266973,0.892734195326922
181,2019-04-19,0.9999914012058138,0.9991775091864958
182,2019-04-22,0.8256354914484851,0.6284591188942068
183,2019-04-24,0.3020981360555084,0.05637763811911955
184,2019-04-27,0.5263387133676718,0.2252777230520072
185,2019-04-29,0.5651002136494867,0.35253772996624044
186,2019-05-02,0.3719816934781851,0.1515334570077061
187,2019-05-04,0.9992211224557276,0.9925682672764164
188,2019-05-07,0.8033523509010708,0.5401612598435
189,2019-05-09,0.027805284201501367,0.0031193983395652893
190,2019-05-12,0.1686955884528116,0.03524509921053675
191,2019-05-14,0.1009045550324478,0.011030454394853301
192,2019-05-17,0.3388772270662471,0.13370434824920902
193,2019-05-19,0.998263929258103,0.9926503948136118
194,2019-05-22,0.3274879643859121,0.10045154047003245
195,2019-05-24,0.10077291484083416,0.009033655250348624
196,2019-05-27,0.14520400638805595,0.0086815492475057
197,2019-05-29,0.9995906819624112,0.9960562749177305
198,2019-06-01,0.0004881666216895172,0.0
199,2019-06-03,0.6469296257930646,0.38052828623527224
200,2019-06-06,0.0011436883080498555,0.0
201,2019-06-08,0.5905473266503742,0.2657356924977505
202,2019-06-11,0.1321091542493281,0.0004885562816576796
203,2019-06-13,0.03308823683145705,0.003032013165127958
204,2019-06-16,0.5655461192154737,0.1689825154345874
205,2019-06-18,0.8522810278093396,0.6154746446268837
206,2019-06-21,0.2861921878121766,0.03296973604338415
207,2019-06-23,0.04382301080662219,0.0063349142132427
208,2019-06-26,0.6143187620683086,0.3588714891347972
209,2019-06-28,0.36807871293499517,0.12756922894206146
210,2019-07-01,0.0009923940303167868,0.0
211,2019-07-03,0.46272521800519417,0.21575329439182933
212,2019-07-06,0.7496179761715076,0.36544976055739764
213,2019-07-08,0.2293505383998235,0.02037821672344405
214,2019-07-11,0.0,0.0
215,2019-07-13,0.045152675980406995,0.000541787336923249
216,2019-07-16,0.03209448404775945,0.0005519691827220447
217,2019-07-18,0.24210373120699935,0.0365974793594078
218,2019-07-21,0.11142337573302351,0.0136410056402477
219,2019-07-23,0.01398505065928325,2.111719833906196e-06
220,2019-07-26,0.0362192823827146,0.00012845397591882467
221,2019-07-28,0.00319273294603835,0.0
222,2019-07-31,0.0,0.0
223,2019-08-02,0.1837017612304671,0.0655270068935333
224,2019-08-05,0.02094808184494315,8.287201246395068e-06
225,2019-08-07,0.020836850442468753,2.2261046582427815e-05
226,2019-08-10,0.0,0.0
227,2019-08-12,0.5589414420638072,0.23369703267855868
228,2019-08-15,0.0176244069082147,0.0021712680843682
229,2019-08-17,0.10304068707320375,0.01231748313376595
230,2019-08-20,0.0002035857295271097,0.0
231,2019-08-22,0.3201183510515174,0.11822753830443605
232,2019-08-25,0.9647356408455177,0.8028876106488911
233,2019-08-27,0.94384606354095,0.7773628605577272
234,2019-08-30,0.332291002093393,0.07561463040694386
235,2019-09-01,0.7194166725710127,0.31367650950950576
236,2019-09-04,0.13690863245668095,0.055756427495235746
237,2019-09-06,0.9520769957036629,0.8623253586934942
238,2019-09-09,0.0,0.0
239,2019-09-11,0.12196262652583426,0.011689088326964
240,2019-09-14,0.03930192054076885,0.001124111284972357
241,2019-09-16,0.3532347375348086,0.12977159627782164
242,2019-09-19,0.9089682059995479,0.7223919542713478
243,2019-09-21,0.1555807722984843,0.03641223652675933
244,2019-09-26,0.005866932837567895,0.00073034144866435
245,2019-09-29,0.00022804792126402467,0.0
246,2019-10-01,0.2513084518625271,0.07772366994313704
247,2019-10-04,0.9971049648358183,0.9931322918368408
248,2019-10-06,0.49370646690645564,0.23784378371915119
249,2019-10-09,0.9975227816520138,0.9906887137858085
250,2019-10-11,0.9995835327749203,0.9945285236706447
251,2019-10-14,0.9981166748563526,0.9990290651339111
252,2019-10-16,0.8865310669648948,0.6016848616432577
253,2019-10-19,0.0,0.0
254,2019-10-21,0.08000397537502241,0.00863289662753985
255,2019-10-24,0.6914369129822091,0.5907265050752265
256,2019-10-26,0.0,0.0
257,2019-10-29,0.8810883722777099,0.7430308773743655
258,2019-10-31,0.41213616327887,0.32469549575424506
259,2019-11-03,0.9704499783507919,0.8762550328504728
260,2019-11-05,0.0832696064008277,0.01071514767847105
261,2019-11-08,0.9918311582655607,0.9612905308220464
262,2019-11-10,0.0031661249310550497,0.0
263,2019-11-13,0.019707558421936885,0.005233450314259167
264,2019-11-15,0.0,0.0
265,2019-11-18,0.0,0.0
266,2019-11-20,0.0,0.0
267,2019-11-23,0.9955554263719548,0.9803321307126801
268,2019-11-25,0.850026521591831,0.5512789218362047
269,2019-11-28,0.07757139891979535,0.010332344212854349
270,2019-11-30,0.4346402275378463,0.2386203081458499
271,2019-12-03,0.9973592175330074,0.9953424476863075
272,2019-12-05,1.0000208772951622,1.0000251887231564
273,2019-12-08,0.0019484899653989,0.0
274,2019-12-10,1.000016389890515,1.0000251887231564
275,2019-12-13,0.8558534688398565,0.5726260199314788
276,2019-12-15,0.19298438790752587,0.04862402617909415
277,2019-12-18,0.9948786380160288,0.9685663151575572
278,2019-12-20,0.2497162435822632,0.14375260822020963
279,2019-12-23,0.5305802498917069,0.4038516102556792
280,2019-12-25,0.0037485109233042,0.0003187387813078817
281,2019-12-28,0.996317844138726,0.9902982625590576
282,2019-12-30,0.06636573202512269,0.027870094105675956
283,2020-01-02,0.5077201286792128,0.1695286743530025
284,2020-01-04,0.4317635709526772,0.211184157323293
285,2020-01-07,0.997201306950112,0.9955915160154518
286,2020-01-09,0.9948066804739712,0.958495391109274
287,2020-01-12,0.9860785125282794,0.9207745324110244
288,2020-01-14,0.311104885254478,0.1210921834261073
289,2020-01-17,0.8925572799370394,0.7310569943315147
290,2020-01-19,0.01709710210895525,0.0033310172045403
291,2020-01-22,0.0,0.0
292,2020-01-24,0.025059509899946,0.00422591609768435
293,2020-01-27,0.995271211556706,0.9752457570190356
294,2020-01-29,0.4191178964760899,0.2505892428967996
295,2020-02-01,0.9954746998910486,0.9803749279207963
296,2020-02-03,1.0000251887231564,1.0000251887231564
297,2020-02-06,0.9931238509455995,0.9750362341985492
298,2020-02-08,0.7376569471183709,0.5002784877972084
299,2020-02-11,0.0338490822244937,0.0072609949574945
300,2020-02-13,1.0000251887231564,1.0000251887231564
301,2020-02-16,0.9972432842489802,0.9957729513294573
302,2020-02-18,0.20927484085510573,0.1109565797856913
303,2020-02-21,0.6329630636608744,0.317654231774011
304,2020-02-23,0.07170492205869824,0.00865702996432445
305,2020-02-26,0.9965077449795132,0.9899600908908275
306,2020-02-28,0.11772922907067865,0.047673143083941105
307,2020-03-02,0.997800621989676,0.9976221172334662
308,2020-03-04,0.0012528619047581,0.0
309,2020-03-07,0.6194690694249194,0.413666653675587
310,2020-03-09,0.08015077557070865,0.02901645933769615
311,2020-03-12,0.24302112647765123,0.1055576479315139
312,2020-03-14,0.5054654474644587,0.2749460106322851
313,2020-03-17,0.01549430808219505,0.0
314,2020-03-19,0.8772533090100585,0.8145851243214983
315,2020-03-22,0.9801598675475487,0.9279667305188577
316,2020-03-24,0.48741729610820084,0.17665153765334404
317,2020-03-27,0.9967009076164636,0.9947704999355409
318,2020-03-29,0.3640488231982115,0.12570532695458114
319,2020-04-01,0.9971008244134665,0.995482866793798
320,2020-04-03,0.9909303779889225,0.976580618408248
321,2020-04-06,0.9833723256523542,0.9424561322076468
322,2020-04-08,0.6142573831432426,0.4259074522257701
323,2020-04-11,0.9730311964510909,0.8848443417055291
324,2020-04-13,0.6057680670711527,0.41987297131018414
325,2020-04-16,0.6565951967198147,0.3318597645742078
326,2020-04-18,0.9278950308396116,0.8515441575775432
327,2020-04-21,0.9964890390647179,0.9930997998213276
328,2020-04-23,1.000006840513954,1.0000251887231564
329,2020-04-26,0.2056461336720251,0.0651851912898894
330,2020-04-28,0.7715824841532752,0.563027844418799
331,2020-05-01,0.554103716632691,0.20310746763735815
332,2020-05-03,0.9375025576906174,0.786850413010723
333,2020-05-06,0.0495285583601181,0.0007038945902934
334,2020-05-08,0.7808547521446016,0.5456138597612223
335,2020-05-11,0.9482216831392557,0.8567784466202675
336,2020-05-13,0.4397416406150412,0.11451162417219521
337,2020-05-16,0.007677027286945495,9.492777183160761e-05
338,2020-05-18,0.7111525637969052,0.4416005251691395
339,2020-05-21,0.41588158035154177,0.15057624541004744
340,2020-05-23,0.010953542743552471,0.0031789867503054
341,2020-05-26,0.2160671037866471,0.01623641465869495
342,2020-05-28,0.1803271426039928,0.01433615795248945
343,2020-05-31,0.6122724179500557,0.2102438619917743
344,2020-06-02,0.06804693216025964,0.00944778582135415
345,2020-06-05,0.0,0.0
346,2020-06-07,0.0443177573242579,0.0148415796829338
347,2020-06-10,0.06918815260812884,0.0051268903377283005
348,2020-06-12,0.837819719949517,0.6750974702473683
349,2020-06-15,0.0104102656886432,2.9268120450859134e-05
350,2020-06-17,0.05225124201472815,0.0060876903747488
351,2020-06-20,0.15422417012999518,0.009532778101980749
352,2020-06-22,0.01102967777579095,0.0006014992324720473
353,2020-06-25,0.01308249031952575,0.00010625473916156418
354,2020-06-27,0.5421928923413208,0.15512305219224815
355,2020-06-30,0.0,0.0
356,2020-07-02,0.38620420270078426,0.07631686546035571
357,2020-07-05,0.21485746475338108,0.0733983107065682
358,2020-07-07,0.053160243171800695,0.0021694835561389
359,2020-07-10,0.23194261172106662,0.0098829752167294
360,2020-07-12,0.015751935008751,0.0003056414080252709
361,2020-07-15,0.011327150299324339,2.7349712569715176e-06
362,2020-07-17,0.39348838862037916,0.10349387770277066
363,2020-07-20,0.9023499749303818,0.8030894126306064
364,2020-07-22,0.0079196715715293,0.0008293051587397
365,2020-07-25,0.0021281815109237,0.0
366,2020-07-27,0.30621835369026057,0.07169600871130286
367,2020-07-30,0.0,0.0
368,2020-08-01,0.0014553725861687487,0.0
369,2020-08-04,0.7914663026194872,0.40754213192469213
370,2020-08-06,0.18366200523553217,0.01749913194437655
371,2020-08-09,0.5558901224525965,0.1965377196479427
372,2020-08-11,0.17626235797469297,0.06380580966802125
373,2020-08-14,0.06759374636625334,0.009911590726051401
374,2020-08-16,0.0014964517060526,0.0
375,2020-08-19,0.1178600839107688,0.0021020893407021576
376,2020-08-21,0.37386067851430976,0.0720565669520323
377,2020-08-24,0.2193804692387642,0.0352957217065576
378,2020-08-26,9.274775450735813e-05,0.0
379,2020-08-29,0.0,0.0
380,2020-08-31,0.6967730520925521,0.34470728888454155
381,2020-09-03,0.8858908902951828,0.5892706711584383
382,2020-09-05,0.39940411254770436,0.07270170230161585
383,2020-09-08,0.10155591976577655,0.0157796102432034
384,2020-09-10,0.0061485393797301256,1.255016027264111e-05
385,2020-09-13,0.99838993862019,0.9977653337668542
386,2020-09-15,1.0000251887231564,1.0000251887231564
387,2020-09-18,0.0,0.0
388,2020-09-20,0.9992938297540135,0.9950712837715556
389,2020-09-23,0.0,0.0
390,2020-09-25,0.24601479320082215,0.0609919879083664
391,2020-09-28,0.9910069117446318,0.9337914343316417
392,2020-09-30,0.0043908844260051,0.0
393,2020-10-03,0.9959340948808684,0.9897940554973088
394,2020-10-05,0.1382497520789737,0.01118562977162805
395,2020-10-08,0.0426585920596395,0.00238809927372235
396,2020-10-10,0.45412367424160655,0.24445643982382045
397,2020-10-13,0.0,0.0
398,2020-10-15,0.5714042132818764,0.3514341379712451
399,2020-10-18,0.4293689296478689,0.14167469332845864
400,2020-10-20,0.00524190924743198,0.0
401,2020-10-23,0.1299989178632151,0.0253955950298936
402,2020-10-25,1.0000251887231564,1.0000251887231564
403,2020-10-28,0.5571612646838031,0.3665223547280737
404,2020-10-30,6.847379042418692e-07,0.0
405,2020-11-02,0.9969856223026186,0.9934638253096234
406,2020-11-04,0.3667536344384613,0.16301234727241795
407,2020-11-07,0.03768509917916235,0.0008231827588649236
408,2020-11-09,0.0,0.0
409,2020-11-12,1.083292503523022e-06,0.0
410,2020-11-14,0.7949584517950958,0.6279529110318328
411,2020-11-17,0.0,0.0
412,2020-11-19,0.5428268543042284,0.3676113700948259
413,2020-11-22,0.07347858081138026,0.0388462766349626
414,2020-11-24,0.679622250984455,0.4055578526380007
415,2020-11-27,0.9949087218893278,0.9767540596544878
416,2020-11-29,0.9794903555658925,0.8929879266028111
417,2020-12-02,0.9972157364914485,0.9941989548328645
418,2020-12-04,0.9998644211562735,1.0000001120501285
419,2020-12-07,0.9924530512418951,0.946817028582803
420,2020-12-09,0.24155552173832914,0.0747699079427816
421,2020-12-12,0.9615872748299741,0.9216834059691299
422,2020-12-14,0.806314836418179,0.6137734960454077
423,2020-12-17,0.1119406146655702,0.0272627301570111
424,2020-12-19,0.7254526478412969,0.5837200407683487
425,2020-12-22,0.0,0.0
426,2020-12-24,0.2153256350019103,0.10030553863805945
427,2020-12-27,0.9848964844111345,0.9361564171428673
428,2020-12-29,0.999693975959894,0.9979845324261836
429,2021-01-01,0.03121721834886265,0.0009549124224453
430,2021-01-03,0.9999726488727347,0.9991559790198314
431,2021-01-06,0.9964292137101314,0.9906883567143481
432,2021-01-08,0.9998293925638364,1.0000251887231564
433,2021-01-11,0.0,0.0
434,2021-01-13,0.0,0.0
435,2021-01-16,0.24346655070332354,0.06930201611566669
436,2021-01-18,0.9957940812667323,0.9848578458989812
437,2021-01-21,0.08450522033013094,0.01107014415101165
438,2021-01-23,0.0,0.0
439,2021-01-26,0.0313896159403858,0.007008719315622049
440,2021-01-28,0.3918403948538146,0.17264130298763436
441,2021-01-31,0.9963192037278688,0.9862809135109505
442,2021-02-02,1.0000251887231564,1.0000251887231564
443,2021-02-05,0.30723413998161,0.10736487200801251
444,2021-02-07,0.9978727658764144,0.9910392588142811
445,2021-02-10,0.9763305709514054,0.8850507605996736
446,2021-02-12,0.9932904058335135,0.9739612907649361
447,2021-02-15,0.9969878816550175,0.990715308929969
448,2021-02-17,0.729973031715488,0.5476713743088267
449,2021-02-20,0.6215778203863422,0.3298651857306908
450,2021-02-22,0.065654946012889,0.02495026445071785
451,2021-02-25,0.0,0.0
452,2021-02-27,0.6836715458384235,0.4691223695417958
453,2021-03-02,0.0038129620863309,0.0
454,2021-03-04,0.9954637773238226,0.977440093320552
455,2021-03-07,0.16261494065323606,0.0610697683127495
456,2021-03-09,0.9513434211740202,0.8005640975417718
457,2021-03-12,0.48811243935950926,0.32949141010679817
458,2021-03-14,1.0000153284973352,1.0000251887231564
459,2021-03-17,0.9640663242757167,0.8583685477501513
460,2021-03-19,0.9875579322837549,0.9256172062892873
461,2021-03-22,0.6523250104230534,0.29730983384801185
462,2021-03-24,0.32396293424522193,0.24985633732243745
463,2021-03-27,0.9960343091638446,0.9840058259065234
464,2021-03-29,0.24037832199732728,0.0983422010353848
465,2021-04-01,0.9425510100317314,0.76014669314448
466,2021-04-03,0.905189409752856,0.8039400391533662
467,2021-04-06,0.9934738326014672,0.9753448709803654
468,2021-04-08,0.4144709999787044,0.083140718008374
469,2021-04-11,0.9962257947552979,0.9886099350068871
470,2021-04-13,0.31717364648389546,0.0920171590337647
471,2021-04-16,0.9968527617426627,0.9954012176560035
472,2021-04-18,0.9775509764232384,0.9162194831610581
473,2021-04-21,0.9661434776139464,0.8540158493252192
474,2021-04-23,0.1481156581719295,0.0189439058037328
475,2021-04-26,0.9919979080127856,0.9431389053222992
476,2021-04-28,0.00401743515634085,0.0012832493151869
477,2021-05-01,0.0,0.0
478,2021-05-03,1.0000251887231564,1.0000251887231564
479,2021-05-06,0.8701589893045152,0.7299263012133952
480,2021-05-08,0.9986377232154093,0.9844735833081726
481,2021-05-11,0.0268095662908895,0.0010078743868655
482,2021-05-13,0.24304419038220645,0.03660211300253975
483,2021-05-16,0.6843920183063178,0.5158219486041825
484,2021-05-18,0.004469522278275824,0.0
485,2021-05-21,0.05326834689081035,0.00200181773979497
486,2021-05-23,0.032346168622535,0.00537360717865685
487,2021-05-26,0.3101386040862403,0.0536484519302904
488,2021-05-28,0.5409781737566517,0.20503843160584675
489,2021-05-31,0.7280679796933929,0.4195280962892839
490,2021-06-02,0.7249817158817466,0.45746799771731345
491,2021-06-05,0.13734322503854904,0.025880108276174853
492,2021-06-07,0.9641104960138559,0.8434823735344114
493,2021-06-10,0.183526279228488,0.018333330535159
494,2021-06-12,0.003335192039646141,0.0
495,2021-06-15,0.3132258350522982,0.0529969808429145
496,2021-06-17,0.7235816754588,0.4583575144954055
497,2021-06-20,0.004794314822450597,0.0
498,2021-06-22,2.711562100797802e-05,0.0
499,2021-06-25,0.0038385528843523187,1.044108723982704e-05
500,2021-06-27,0.1214772023276385,0.0208399432092509
501,2021-06-30,0.00906782100488725,0.00052367723577035
502,2021-07-02,0.7629434965097233,0.4143754869241366
503,2021-07-05,0.6955732041250511,0.2663640374019284
504,2021-07-07,0.00481279255388475,0.0
505,2021-07-10,0.00216950829251195,0.0
506,2021-07-12,0.024099346194408202,0.00055340517420825
507,2021-07-15,0.09500197840206251,0.032367510760709296
508,2021-07-17,0.0662769738932429,0.0013799324442154482
509,2021-07-20,0.3222610903784222,0.03124243561405345
510,2021-07-22,0.4093506423026331,0.23970906481099805
511,2021-07-25,0.01972186337830525,7.220630187558894e-05
512,2021-07-27,0.1631921107957122,0.049043626228431426
513,2021-07-30,0.10154040338974135,0.02230161048471385
514,2021-08-01,0.4432621376963568,0.1366510892230151
515,2021-08-04,0.0003299383389961334,0.0
516,2021-08-06,2.2692194375282664e-06,0.0
517,2021-08-09,0.44443509625954625,0.08284605092768915
518,2021-08-11,0.03738017645700965,0.0083950169518548
519,2021-08-14,0.0808375557939431,0.0017906286223108503
520,2021-08-16,0.07360491962219015,0.005217184769556729
521,2021-08-19,0.432230707630048,0.07256207083361646
522,2021-08-21,0.20443256899186657,0.034250963346943955
523,2021-08-24,0.9849364523749928,0.9129466204134189
524,2021-08-26,0.2948509017631802,0.0670495109614555
525,2021-08-29,0.5235425203446331,0.17965141275277324
526,2021-08-31,0.2214122208558661,0.076034653363823
527,2021-09-03,0.6937924567587703,0.22929941193535125
528,2021-09-05,1.0000251887231564,1.0000251887231564
529,2021-09-08,0.6322556935384979,0.19173979884111506
530,2021-09-10,0.6748589975121516,0.4125170750164358
531,2021-09-13,0.00064183951331385,0.0
532,2021-09-15,0.8967178697170323,0.704717988966929
533,2021-09-18,0.00526284439211345,8.689440024385409e-05
534,2021-09-20,0.6103549581555816,0.3294391138481325
535,2021-09-23,0.5842782210844564,0.3390215237485445
536,2021-09-25,0.0917497509542715,0.010053619316752051
537,2021-09-28,0.3515365265244672,0.17698584285171073
538,2021-09-30,0.2025543093419962,0.02669388718014075
539,2021-10-03,0.1608613537858002,0.006530846225400851
540,2021-10-05,0.982197078862532,0.926214273881536
541,2021-10-08,0.2433561755716506,0.012570293006246899
542,2021-10-10,1.0000208772951622,1.0000251887231564
543,2021-10-13,0.010097818145397749,5.096612663808316e-05
544,2021-10-15,0.9996909860568017,0.998590067585474
545,2021-10-18,0.9967973213998981,0.9948332388673754
546,2021-10-20,1.0000251887231564,1.0000251887231564
547,2021-10-23,0.9301383880137548,0.7186276847340018
548,2021-10-25,0.8639160237822476,0.8028153789316645
549,2021-10-28,0.00173982748413825,0.0
550,2021-10-30,0.3477987582608734,0.1644304153845136
551,2021-11-02,0.0,0.0
552,2021-11-04,0.9838255205570219,0.9057540957383605
553,2021-11-07,0.8599738113122108,0.7463340941202607
554,2021-11-14,0.720965303572173,0.5154463113226044
555,2021-11-17,0.1635171613240774,0.0458767964269807
556,2021-11-19,0.0,0.0
557,2021-11-22,0.9311032267402791,0.8226438018163107
558,2021-11-24,0.001723785513693,0.0
559,2021-11-27,0.8846287357732288,0.7773249566441669
560,2021-11-29,1.0000251887231564,1.0000251887231564
561,2021-12-02,0.9970611512606864,0.9937669259171178
562,2021-12-04,0.6151251978257282,0.35627541114007
563,2021-12-07,0.0,0.0
564,2021-12-09,0.9975982369542244,0.9816439377613222
565,2021-12-12,0.887715737919349,0.5980439202750613
566,2021-12-17,0.00074949302489215,0.0
567,2021-12-19,0.24953519698815402,0.12663070450476244
568,2021-12-22,0.9960598611855006,0.9904693832905374
569,2021-12-24,0.9998981149050542,0.9996683080712262
570,2021-12-27,0.996194139924208,0.9866432766028832
571,2021-12-29,0.9995207234875727,0.996199104337424
