Date,cf_200,cf_2000
2018-01-02,0.000000,0.000000
2018-01-03,0.649493,0.409690
2018-01-05,0.065513,0.011450
2018-01-07,0.868703,0.722365
2018-01-08,0.720140,0.343096
2018-01-10,0.000000,0.000000
2018-01-12,0.000000,0.000000
2018-01-13,0.000000,0.000000
2018-01-15,0.145863,0.089499
2018-01-17,0.484299,0.362258
2018-01-18,0.674820,0.566130
2018-01-20,0.411832,0.243539
2018-01-22,0.147220,0.127119
2018-01-23,0.313865,0.138815
2018-01-25,0.369260,0.208566
2018-01-27,0.000000,0.000000
2018-01-28,0.012237,0.002181
2018-01-30,0.017360,0.005693
2018-02-01,0.001439,0.000000
2018-02-02,0.479246,0.213620
2018-02-04,0.412452,0.240069
2018-02-06,0.000000,0.000000
2018-02-07,0.996690,0.989592
2018-02-09,0.000272,0.000000
2018-02-11,0.944821,0.811391
2018-02-12,0.621315,0.398776
2018-02-14,0.000000,0.000000
2018-02-16,0.417111,0.312078
2018-02-17,0.364241,0.153705
2018-02-19,0.000000,0.000000
2018-02-21,0.809490,0.532605
2018-02-22,0.250824,0.102186
2018-02-24,0.953890,0.677104
2018-02-26,0.198765,0.030609
2018-02-27,0.101521,0.015220
2018-03-01,0.000347,0.000000
2018-03-03,0.000000,0.000000
2018-03-04,0.000000,0.000000
2018-03-06,0.000000,0.000000
2018-03-08,0.053383,0.006058
2018-03-09,0.390943,0.265604
2018-03-11,0.008136,0.000003
2018-03-13,0.162714,0.084763
2018-03-14,0.048551,0.016625
2018-03-16,0.000000,0.000000
2018-03-18,0.000000,0.000000
2018-03-19,0.143835,0.000482
2018-03-21,0.152232,0.075535
2018-03-23,0.491467,0.164880
2018-03-24,0.883389,0.685343
2018-03-26,0.764581,0.571697
2018-03-28,0.181083,0.051856
2018-03-29,0.568390,0.255984
2018-03-31,0.000147,0.000000
2018-04-02,0.000000,0.000000
2018-04-03,0.000518,0.000000
2018-04-05,0.752764,0.533767
2018-04-07,0.000000,0.000000
2018-04-08,0.142662,0.099984
2018-04-10,0.000000,0.000000
2018-04-12,0.000000,0.000000
2018-04-13,0.000000,0.000000
2018-04-15,0.858844,0.783262
2018-04-17,0.000000,0.000000
2018-04-18,0.000000,0.000000
2018-04-20,0.971351,0.877075
2018-04-22,0.000000,0.000000
2018-04-23,0.050542,0.007468
2018-04-25,0.240931,0.037844
2018-04-27,0.000000,0.000000
2018-04-28,0.164236,0.067622
2018-04-30,0.297852,0.011144
2018-05-02,0.000000,0.000000
2018-05-03,0.372930,0.167433
2018-05-05,0.834401,0.729121
2018-05-07,0.203583,0.087802
2018-05-08,0.974092,0.900390
2018-05-10,0.531675,0.193428
2018-05-12,0.313038,0.149654
2018-05-13,0.013211,0.000258
2018-05-15,0.849205,0.778652
2018-05-17,0.308719,0.178608
2018-05-18,0.007338,0.000871
2018-05-20,0.015530,0.000144
2018-05-22,0.000017,0.000000
2018-05-23,0.000000,0.000000
2018-05-25,0.225162,0.125346
2018-05-27,0.998904,0.990554
2018-05-28,0.326859,0.196857
2018-05-30,0.000000,0.000000
2018-06-01,0.000000,0.000000
2018-06-02,0.021599,0.003724
2018-06-04,0.000000,0.000000
2018-06-06,0.000000,0.000000
2018-06-07,0.370933,0.278487
2018-06-09,0.000008,0.000000
2018-06-11,0.257439,0.210241
2018-06-12,0.110460,0.053741
2018-06-14,0.329634,0.072153
2018-06-16,0.006013,0.000000
2018-06-17,0.000000,0.000000
2018-06-19,0.004072,0.000017
2018-06-21,0.784655,0.639166
2018-06-22,0.507406,0.287038
2018-06-24,0.999739,0.997848
2018-06-26,0.001286,0.000000
2018-06-29,0.099469,0.075740
2018-07-01,0.998545,1.000551
2018-07-02,0.144218,0.045543
2018-07-04,0.614329,0.503265
2018-07-06,0.998976,0.994193
2018-07-07,0.697887,0.609138
2018-07-09,0.000000,0.000000
2018-07-11,0.000010,0.000000
2018-07-12,0.104033,0.035439
2018-07-14,0.855303,0.700233
2018-07-16,0.000000,0.000000
2018-07-17,0.000626,0.000000
2018-07-19,0.071113,0.008525
2018-07-21,0.192926,0.050782
2018-07-22,0.772689,0.436304
2018-07-24,0.010807,0.000414
2018-07-26,0.868027,0.705329
2018-07-27,0.043284,0.004666
2018-07-29,0.000000,0.000000
2018-07-31,0.851584,0.634126
2018-08-01,0.231881,0.074877
2018-08-03,0.000000,0.000000
2018-08-05,0.660548,0.445663
2018-08-06,0.000000,0.000000
2018-08-08,0.261875,0.129700
2018-08-10,0.350060,0.126126
2018-08-11,0.229013,0.088127
2018-08-13,0.001646,0.000008
2018-08-15,0.082995,0.034776
2018-08-16,0.416553,0.173319
2018-08-18,0.000018,0.000000
2018-08-20,0.008302,0.000000
2018-08-21,0.000000,0.000000
2018-08-23,0.000450,0.000000
2018-08-25,0.625371,0.353930
2018-08-26,0.000000,0.000000
2018-08-28,0.000851,0.000000
2018-08-30,0.930375,0.877743
2018-08-31,0.979161,0.911111
2018-09-02,0.678096,0.508212
2018-09-04,0.021767,0.007612
2018-09-05,0.694859,0.499407
2018-09-07,0.092329,0.007841
2018-09-09,0.371729,0.223660
2018-09-10,0.000000,0.000000
2018-09-12,0.848515,0.688172
2018-09-14,0.000000,0.000000
2018-09-15,0.100404,0.059357
2018-09-17,0.000000,0.000000
2018-09-19,0.058041,0.000878
2018-09-20,0.010498,0.000620
2018-09-22,0.635034,0.516509
2018-09-24,0.917463,0.785496
2018-09-25,0.228032,0.090934
2018-09-27,0.571608,0.486443
2018-09-29,0.903573,0.686991
2018-09-30,0.341187,0.180039
2018-10-02,0.791011,0.594960
2018-10-04,0.012396,0.000000
2018-10-05,0.013666,0.003865
2018-10-07,0.000000,0.000000
2018-10-09,0.134135,0.033591
2018-10-10,0.996639,0.985312
2018-10-12,0.000620,0.000009
2018-10-14,0.000000,0.000000
2018-10-15,0.003744,0.000323
2018-10-17,0.188675,0.066548
2018-10-19,0.438664,0.209293
2018-10-20,0.066292,0.003063
2018-10-22,0.842545,0.718120
2018-10-24,0.504250,0.345308
2018-10-25,0.226159,0.127850
2018-10-27,0.549418,0.105746
2018-10-29,0.843679,0.519546
2018-10-30,0.010695,0.000003
2018-11-01,0.124903,0.087221
2018-11-03,0.007934,0.000966
2018-11-04,0.246883,0.106376
2018-11-06,0.118087,0.054396
2018-11-08,0.288487,0.202417
2018-11-09,0.147947,0.116298
2018-11-11,0.041470,0.006979
2018-11-13,0.943114,0.736698
2018-11-14,0.000022,0.000000
2018-11-16,0.131743,0.096194
2018-11-18,0.776506,0.663805
2018-11-19,0.000000,0.000000
2018-11-21,0.003902,0.000000
2018-11-23,0.000090,0.000000
2018-11-24,0.295035,0.055983
2018-11-26,0.138511,0.028523
2018-11-28,0.000000,0.000000
2018-11-29,0.000000,0.000000
2018-12-01,0.005415,0.000241
2018-12-03,0.333736,0.079919
2018-12-04,0.618411,0.413128
2018-12-06,0.000000,0.000000
2018-12-08,0.829981,0.718314
2018-12-09,0.793517,0.580748
2018-12-11,0.398923,0.222074
2018-12-13,0.023922,0.001181
2018-12-14,0.544577,0.463360
2018-12-16,0.927654,0.863863
2018-12-18,0.000000,0.000000
2018-12-19,0.813107,0.665290
2018-12-21,0.058907,0.016671
2018-12-23,0.130288,0.092238
2018-12-24,0.940043,0.896028
2018-12-26,0.648658,0.503743
2018-12-28,0.904976,0.793124
2018-12-29,0.953507,0.826862
2018-12-31,0.005362,0.001158
2019-01-02,0.185033,0.064841
2019-01-03,0.032614,0.007384
2019-01-05,0.000000,0.000000
2019-01-07,0.000000,0.000000
2019-01-08,0.815630,0.530559
2019-01-10,0.000000,0.000000
2019-01-12,0.000000,0.000000
2019-01-13,0.777549,0.664785
2019-01-15,0.000000,0.000000
2019-01-17,0.505073,0.151569
2019-01-18,0.729815,0.600700
2019-01-20,0.445046,0.253574
2019-01-22,0.990087,0.943445
2019-01-23,0.998757,0.998192
2019-01-25,0.111897,0.042099
2019-01-27,0.000000,0.000000
2019-01-28,0.950099,0.824493
2019-01-30,0.782733,0.589952
2019-02-01,0.593170,0.242879
2019-02-02,0.309739,0.100862
2019-02-04,0.837413,0.668656
2019-02-06,0.000000,0.000000
2019-02-07,0.426705,0.190386
2019-02-09,0.318931,0.100969
2019-02-11,0.921367,0.660662
2019-02-12,0.000000,0.000000
2019-02-14,0.022469,0.007058
2019-02-16,0.000701,0.000000
2019-02-19,0.287771,0.110760
2019-02-21,0.000000,0.000000
2019-02-22,0.276297,0.148161
2019-02-24,0.691734,0.657027
2019-02-26,0.994255,0.986278
2019-02-27,0.997411,0.992100
2019-03-01,0.000001,0.000000
2019-03-03,0.500981,0.342853
2019-03-04,0.289622,0.175927
2019-03-06,0.144093,0.019669
2019-03-08,0.000000,0.000000
2019-03-09,0.728763,0.498400
2019-03-11,0.971866,0.903127
2019-03-13,0.549026,0.354257
2019-03-14,0.839603,0.534500
2019-03-16,0.000000,0.000000
2019-03-18,0.658532,0.481439
2019-03-19,0.000028,0.000000
2019-03-21,0.307455,0.203099
2019-03-23,0.435530,0.318256
2019-03-24,0.086341,0.009324
2019-03-26,0.336351,0.267797
2019-03-28,0.395294,0.173147
2019-03-29,0.823023,0.591286
2019-03-31,0.762320,0.634166
2019-04-02,0.000000,0.000000
2019-04-03,0.016510,0.000907
2019-04-05,0.991813,0.958873
2019-04-07,0.001868,0.000000
2019-04-08,0.013966,0.000000
2019-04-10,0.013816,0.006350
2019-04-12,0.173371,0.019652
2019-04-13,0.602329,0.377876
2019-04-15,0.169428,0.031874
2019-04-17,0.994332,0.979956
2019-04-18,0.890239,0.735546
2019-04-20,0.619296,0.507391
2019-04-22,0.994211,0.981755
2019-04-23,0.003942,0.000546
2019-04-25,0.000143,0.000000
2019-04-27,0.129667,0.050135
2019-04-28,0.423152,0.226304
2019-04-30,0.570128,0.470797
2019-05-02,0.000172,0.000000
2019-05-03,0.043613,0.007811
2019-05-05,0.000813,0.000000
2019-05-07,0.640299,0.142708
2019-05-08,0.000000,0.000000
2019-05-10,0.763816,0.552035
2019-05-12,0.993761,0.974004
2019-05-13,0.302383,0.131802
2019-05-15,0.983586,0.953063
2019-05-17,0.151495,0.097213
2019-05-18,0.012574,0.000049
2019-05-22,0.607499,0.338052
2019-05-23,0.932006,0.759554
2019-05-25,0.000000,0.000000
2019-05-27,0.002200,0.000000
2019-05-28,0.005574,0.000000
2019-05-30,0.069472,0.037716
2019-06-01,0.000000,0.000000
2019-06-02,0.000000,0.000000
2019-06-04,0.050118,0.031013
2019-06-06,0.791487,0.661575
2019-06-07,0.143221,0.027105
2019-06-09,0.398317,0.169586
2019-06-11,0.000735,0.000000
2019-06-12,0.000000,0.000000
2019-06-14,0.000085,0.000000
2019-06-16,0.000000,0.000000
2019-06-17,0.086128,0.005943
2019-06-19,0.026417,0.003482
2019-06-21,0.412136,0.138081
2019-06-22,0.029645,0.005490
2019-06-24,0.000000,0.000000
2019-06-26,0.000060,0.000000
2019-06-27,0.965857,0.942965
2019-06-29,0.393429,0.259490
2019-07-01,0.024568,0.000806
2019-07-02,0.062109,0.003134
2019-07-04,0.032195,0.006508
2019-07-06,0.453765,0.236045
2019-07-07,0.179562,0.067190
2019-07-09,0.000000,0.000000
2019-07-11,0.013032,0.001732
2019-07-12,0.139352,0.043556
2019-07-14,0.226047,0.064552
2019-07-16,0.575006,0.361779
2019-07-17,0.009295,0.000000
2019-07-19,0.029274,0.000411
2019-07-21,0.000547,0.000000
2019-07-22,0.088193,0.030412
2019-07-24,0.884887,0.721583
2019-07-26,0.114085,0.023425
2019-07-27,0.070012,0.057233
2019-07-29,0.001652,0.000000
2019-07-31,0.119662,0.018427
2019-08-01,0.006669,0.000960
2019-08-03,0.471534,0.316084
2019-08-05,0.161167,0.022736
2019-08-06,0.056684,0.005899
2019-08-08,0.744343,0.601296
2019-08-10,0.047471,0.001294
2019-08-11,0.000000,0.000000
2019-08-13,0.221087,0.076036
2019-08-15,0.038777,0.004532
2019-08-16,0.000046,0.000000
2019-08-18,0.026941,0.000557
2019-08-20,0.086415,0.025096
2019-08-21,0.026103,0.001679
2019-08-23,0.543487,0.275960
2019-08-25,0.994506,0.983152
2019-08-26,0.845560,0.596919
2019-08-28,0.000369,0.000000
2019-08-30,0.000000,0.000000
2019-08-31,0.035584,0.001064
2019-09-02,0.000000,0.000000
2019-09-04,0.378015,0.141841
2019-09-05,0.126252,0.057189
2019-09-07,0.581233,0.244714
2019-09-09,0.000000,0.000000
2019-09-10,0.137897,0.022624
2019-09-12,0.001162,0.000000
2019-09-14,0.060179,0.028378
2019-09-15,0.000000,0.000000
2019-09-17,0.836133,0.515423
2019-09-19,0.895875,0.862721
2019-09-20,0.941797,0.843331
2019-09-22,0.362190,0.229357
2019-09-24,0.000000,0.000000
2019-09-25,0.062401,0.023003
2019-09-27,0.018723,0.000557
2019-09-29,0.000000,0.000000
2019-09-30,0.054562,0.029218
2019-10-02,0.271402,0.167916
2019-10-04,0.000026,0.000000
2019-10-05,0.000000,0.000000
2019-10-07,0.000001,0.000000
2019-10-09,0.359680,0.209059
2019-10-10,0.000000,0.000000
2019-10-12,0.894526,0.717854
2019-10-14,0.294119,0.150816
2019-10-15,0.031363,0.003279
2019-10-17,0.963702,0.899279
2019-10-19,0.003337,0.000002
2019-10-20,0.000618,0.000000
2019-10-22,0.044146,0.012992
2019-10-24,0.000000,0.000000
2019-10-25,0.000000,0.000000
2019-10-27,0.999212,0.991357
2019-10-29,0.798683,0.441016
2019-10-30,0.317991,0.173999
2019-11-01,0.000000,0.000000
2019-11-03,0.054824,0.003281
2019-11-04,0.018112,0.000167
2019-11-06,0.069287,0.010720
2019-11-08,0.099112,0.015016
2019-11-09,0.534279,0.215867
2019-11-11,0.680318,0.530327
2019-11-13,0.538614,0.288856
2019-11-14,0.400832,0.138789
2019-11-16,0.000000,0.000000
2019-11-18,0.712545,0.401325
2019-11-19,0.088056,0.042381
2019-11-21,0.089959,0.005804
2019-11-23,0.000000,0.000000
2019-11-24,0.000000,0.000000
2019-11-26,0.000000,0.000000
2019-11-28,0.189355,0.053425
2019-11-29,0.517507,0.404525
2019-12-01,0.780454,0.607962
2019-12-03,0.872950,0.587116
2019-12-04,0.715836,0.531810
2019-12-06,0.083443,0.014769
2019-12-08,0.980924,0.880059
2019-12-09,0.764898,0.563219
2019-12-11,0.942919,0.752763
2019-12-13,0.059706,0.023887
2019-12-14,0.036302,0.005593
2019-12-16,0.700610,0.489717
2019-12-18,0.935848,0.666612
2019-12-19,0.234594,0.134153
2019-12-21,0.014765,0.000853
2019-12-23,0.127370,0.015068
2019-12-24,0.124945,0.072381
2019-12-26,0.000000,0.000000
2019-12-28,0.000000,0.000000
2019-12-29,0.000000,0.000000
2019-12-31,1.000018,1.000064
2020-01-02,0.000000,0.000000
2020-01-03,0.998493,0.997009
2020-01-05,0.048095,0.010777
2020-01-07,0.000000,0.000000
2020-01-08,0.969953,0.930998
2020-01-10,0.929459,0.892908
2020-01-12,0.007206,0.000000
2020-01-13,0.000000,0.000000
2020-01-15,0.950270,0.897282
2020-01-17,0.000000,0.000000
2020-01-18,0.998792,0.995564
2020-01-20,0.691825,0.595433
2020-01-22,0.672042,0.500361
2020-01-23,0.197202,0.065122
2020-01-25,0.000559,0.000000
2020-01-27,0.991192,0.938256
2020-01-28,0.853492,0.750793
2020-01-30,0.000000,0.000000
2020-02-01,0.021788,0.000005
2020-02-02,0.000672,0.000000
2020-02-04,0.105835,0.035369
2020-02-06,0.568120,0.306135
2020-02-07,0.519479,0.246882
2020-02-09,0.120128,0.082975
2020-02-11,0.776844,0.434486
2020-02-12,0.882021,0.740720
2020-02-14,0.000000,0.000000
2020-02-16,0.106553,0.058377
2020-02-17,0.516525,0.266893
2020-02-19,0.129779,0.095282
2020-02-21,0.159340,0.055120
2020-02-22,0.651065,0.486668
2020-02-24,0.000000,0.000000
2020-02-26,0.985910,0.928557
2020-02-27,0.974011,0.895021
2020-02-29,0.121465,0.050213
2020-03-02,0.900078,0.700420
2020-03-03,0.394480,0.282747
2020-03-05,0.908802,0.745029
2020-03-07,0.061842,0.021142
2020-03-08,0.131686,0.021529
2020-03-10,0.602267,0.308667
2020-03-12,0.606575,0.235162
2020-03-13,0.419377,0.291832
2020-03-17,0.229146,0.049907
2020-03-18,0.000000,0.000000
2020-03-20,0.791922,0.505083
2020-03-22,0.022006,0.000000
2020-03-23,0.346623,0.209722
2020-03-25,0.973661,0.913926
2020-03-27,0.764373,0.556154
2020-03-28,0.034719,0.001842
2020-03-30,0.294859,0.120322
2020-04-01,0.102414,0.013976
2020-04-02,0.289769,0.071279
2020-04-04,0.004779,0.000144
2020-04-06,0.700864,0.485148
2020-04-07,0.467853,0.261172
2020-04-09,0.000000,0.000000
2020-04-11,0.691345,0.524174
2020-04-12,0.000000,0.000000
2020-04-14,0.169135,0.156434
2020-04-16,0.000000,0.000000
2020-04-17,0.428607,0.241028
2020-04-19,0.934067,0.778829
2020-04-21,0.994190,0.983487
2020-04-22,0.995005,0.966640
2020-04-24,0.835019,0.760313
2020-04-26,0.139892,0.089882
2020-04-27,0.656617,0.451020
2020-04-29,0.008383,0.000095
2020-05-01,0.749970,0.540231
2020-05-02,0.257823,0.110132
2020-05-04,0.149918,0.034307
2020-05-06,0.994478,0.983337
2020-05-07,0.925934,0.737639
2020-05-09,0.674041,0.526125
2020-05-11,0.216252,0.006799
2020-05-12,0.601609,0.419309
2020-05-14,0.654015,0.496092
2020-05-16,0.199330,0.093635
2020-05-17,0.000000,0.000000
2020-05-19,0.127514,0.022968
2020-05-21,0.019455,0.000563
2020-05-22,0.284149,0.068094
2020-05-24,0.124370,0.012657
2020-05-26,0.630233,0.381979
2020-05-27,0.654110,0.544848
2020-05-29,0.999931,0.998708
2020-05-31,0.994285,0.983264
2020-06-01,0.996957,0.985464
2020-06-03,0.020347,0.000379
2020-06-05,0.274746,0.051145
2020-06-06,0.004222,0.000000
2020-06-08,0.420066,0.204268
2020-06-10,0.000000,0.000000
2020-06-11,0.021259,0.006622
2020-06-13,0.000000,0.000000
2020-06-15,0.000000,0.000000
2020-06-16,0.000000,0.000000
2020-06-18,0.000000,0.000000
2020-06-20,0.503098,0.318003
2020-06-21,0.139881,0.012503
2020-06-23,0.238448,0.046118
2020-06-25,0.994433,0.984020
2020-06-26,0.191482,0.094008
2020-06-28,0.100654,0.013969
2020-06-30,0.099725,0.040521
2020-07-01,0.000000,0.000000
2020-07-03,0.000000,0.000000
2020-07-05,0.262315,0.050134
2020-07-06,0.222097,0.042789
2020-07-08,0.721546,0.638055
2020-07-10,0.653116,0.315527
2020-07-11,0.049296,0.007591
2020-07-13,0.028859,0.000658
2020-07-15,0.000000,0.000000
2020-07-16,0.116986,0.014603
2020-07-18,0.025939,0.008627
2020-07-20,0.041555,0.000938
2020-07-21,0.578269,0.432213
2020-07-23,0.000000,0.000000
2020-07-25,0.382780,0.106582
2020-07-26,0.132304,0.014795
2020-07-28,0.593932,0.222989
2020-07-30,0.000000,0.000000
2020-07-31,0.912883,0.798652
2020-08-02,0.311131,0.157491
2020-08-04,0.000000,0.000000
2020-08-05,0.000000,0.000000
2020-08-07,0.488174,0.267611
2020-08-09,0.056803,0.001958
2020-08-10,0.563388,0.242214
2020-08-12,0.562682,0.478950
2020-08-14,0.000000,0.000000
2020-08-15,0.085423,0.015466
2020-08-17,0.000069,0.000000
2020-08-19,0.435352,0.216377
2020-08-20,0.552117,0.230576
2020-08-22,0.260091,0.113114
2020-08-24,0.180376,0.085339
2020-08-25,0.000000,0.000000
2020-08-27,0.000402,0.000000
2020-08-29,0.000000,0.000000
2020-08-30,0.594387,0.526976
2020-09-01,0.805576,0.722512
2020-09-03,0.426462,0.146058
2020-09-04,0.212086,0.059656
2020-09-06,0.398457,0.343447
2020-09-08,0.540195,0.359778
2020-09-09,0.649496,0.393640
2020-09-11,0.002384,0.000000
2020-09-13,0.213144,0.143502
2020-09-14,0.637009,0.442520
2020-09-16,0.000000,0.000000
2020-09-18,0.978820,0.893066
2020-09-19,0.450939,0.139551
2020-09-21,0.666017,0.495483
2020-09-23,0.000000,0.000000
2020-09-24,0.211752,0.100359
2020-09-26,0.100672,0.030598
2020-09-28,0.145710,0.035428
2020-09-29,0.900831,0.690916
2020-10-01,0.061977,0.025688
2020-10-03,0.000000,0.000000
2020-10-04,0.191064,0.109896
2020-10-06,0.440334,0.243251
2020-10-08,0.707316,0.463414
2020-10-09,0.594961,0.176730
2020-10-11,0.026052,0.009816
2020-10-13,0.060600,0.000268
2020-10-14,0.022858,0.000707
2020-10-16,0.428594,0.260172
2020-10-18,0.004871,0.000000
2020-10-19,0.000000,0.000000
2020-10-21,0.001866,0.000000
2020-10-23,0.000000,0.000000
2020-10-24,0.000000,0.000000
2020-10-26,0.167046,0.033864
2020-10-28,0.056445,0.009816
2020-10-29,0.000000,0.000000
2020-10-31,0.000000,0.000000
2020-11-02,0.107788,0.019717
2020-11-03,0.550801,0.368508
2020-11-05,0.363947,0.174542
2020-11-07,0.295264,0.013046
2020-11-08,0.000000,0.000000
2020-11-10,0.383631,0.260938
2020-11-12,0.546268,0.252028
2020-11-13,0.736482,0.411887
2020-11-15,0.018425,0.002824
2020-11-17,0.000000,0.000000
2020-11-18,0.601023,0.253299
2020-11-20,0.000000,0.000000
2020-11-22,0.994662,0.981021
2020-11-23,0.000000,0.000000
2020-11-25,0.184596,0.093156
2020-11-27,0.010566,0.000000
2020-11-28,0.542288,0.353623
2020-11-30,0.142232,0.069851
2020-12-02,0.162645,0.026423
2020-12-03,0.000000,0.000000
2020-12-05,0.450660,0.164533
2020-12-07,0.000000,0.000000
2020-12-08,0.001627,0.000000
2020-12-10,0.008228,0.000201
2020-12-12,0.005227,0.000000
2020-12-13,0.000000,0.000000
2020-12-15,0.903710,0.844725
2020-12-17,0.955248,0.905233
2020-12-18,0.000000,0.000000
2020-12-20,0.667563,0.494735
2020-12-22,0.950609,0.813178
2020-12-23,0.000000,0.000000
2020-12-27,0.028564,0.000041
2020-12-28,0.626804,0.416274
2020-12-30,0.920496,0.792631
2021-01-01,0.072749,0.000415
2021-01-02,0.150757,0.016155
2021-01-04,0.093464,0.013285
2021-01-06,0.092102,0.006208
2021-01-07,0.000324,0.000000
2021-01-09,0.789555,0.730521
2021-01-11,0.000000,0.000000
2021-01-12,0.967225,0.840577
2021-01-14,0.000000,0.000000
2021-01-16,0.736624,0.547987
2021-01-17,0.000000,0.000000
2021-01-19,0.000000,0.000000
2021-01-21,0.105186,0.043995
2021-01-22,0.801857,0.642587
2021-01-24,0.967614,0.915629
2021-01-26,0.000000,0.000000
2021-01-27,0.000308,0.000000
2021-01-29,0.006090,0.000299
2021-01-31,0.275778,0.100873
2021-02-01,0.575878,0.298038
2021-02-03,0.000000,0.000000
2021-02-05,0.000000,0.000000
2021-02-06,0.000000,0.000000
2021-02-08,0.272855,0.070762
2021-02-10,0.301839,0.126722
2021-02-11,0.721272,0.611420
2021-02-13,0.865189,0.771326
2021-02-15,0.340643,0.247799
2021-02-16,0.398037,0.188879
2021-02-18,0.000000,0.000000
2021-02-20,0.000000,0.000000
2021-02-21,0.023449,0.001346
2021-02-23,0.832253,0.709906
2021-02-25,0.824195,0.607092
2021-02-26,0.976206,0.910651
2021-02-28,0.796794,0.622337
2021-03-02,0.000000,0.000000
2021-03-03,0.000000,0.000000
2021-03-05,0.000192,0.000000
2021-03-07,0.000000,0.000000
2021-03-08,0.091444,0.017302
2021-03-10,0.000000,0.000000
2021-03-12,0.139745,0.055576
2021-03-13,0.097810,0.013221
2021-03-15,0.766322,0.663948
2021-03-17,0.962960,0.856475
2021-03-18,0.021309,0.008763
2021-03-20,0.817820,0.686943
2021-03-22,0.604922,0.521516
2021-03-23,0.004935,0.000000
2021-03-25,0.007470,0.002144
2021-03-27,0.918601,0.713841
2021-03-28,0.000000,0.000000
2021-03-30,0.923961,0.793327
2021-04-01,0.162375,0.039967
2021-04-02,0.005730,0.000000
2021-04-04,0.739587,0.514081
2021-04-06,0.255326,0.060587
2021-04-07,0.190351,0.062236
2021-04-09,0.609779,0.428051
2021-04-11,0.606007,0.254674
2021-04-12,0.691138,0.566492
2021-04-14,0.934547,0.862538
2021-04-16,0.994260,0.981258
2021-04-17,0.408573,0.203638
2021-04-19,1.000034,1.000064
2021-04-21,0.759070,0.476017
2021-04-22,0.989967,0.934234
2021-04-24,0.611327,0.118804
2021-04-26,0.000000,0.000000
2021-04-27,0.000494,0.000000
2021-04-29,0.426651,0.145072
2021-05-01,0.701891,0.428053
2021-05-02,0.084139,0.019166
2021-05-04,0.014010,0.002021
2021-05-06,0.593648,0.392763
2021-05-07,0.328532,0.244240
2021-05-09,0.294626,0.163370
2021-05-11,0.517104,0.361098
2021-05-12,0.212590,0.100067
2021-05-14,0.000000,0.000000
2021-05-16,0.056613,0.005136
2021-05-17,0.294667,0.164100
2021-05-19,0.495266,0.357124
2021-05-21,0.006977,0.000000
2021-05-22,0.608083,0.477403
2021-05-24,0.283843,0.056031
2021-05-26,0.000000,0.000000
2021-05-27,0.206940,0.154519
2021-05-29,0.256778,0.194593
2021-05-31,0.283076,0.210439
2021-06-01,0.520059,0.483919
2021-06-03,0.806189,0.684807
2021-06-05,0.994526,0.980805
2021-06-06,0.322393,0.142166
2021-06-08,0.251303,0.097267
2021-06-10,0.275665,0.107651
2021-06-11,0.060647,0.007781
2021-06-13,0.870183,0.715036
2021-06-15,0.040893,0.003760
2021-06-16,0.103256,0.005929
2021-06-18,0.116228,0.064060
2021-06-20,0.000034,0.000000
2021-06-21,0.288825,0.101251
2021-06-23,0.166603,0.064493
2021-06-25,0.000000,0.000000
2021-06-26,0.000000,0.000000
2021-06-28,0.558368,0.375003
2021-06-30,0.000000,0.000000
2021-07-01,0.710769,0.534350
2021-07-03,0.000000,0.000000
2021-07-05,0.013872,0.000000
2021-07-06,0.000000,0.000000
2021-07-08,0.416097,0.319969
2021-07-10,0.020092,0.001112
2021-07-11,0.510082,0.325196
2021-07-13,0.000000,0.000000
2021-07-15,0.933401,0.827739
2021-07-16,0.690202,0.486095
2021-07-18,0.279113,0.144338
2021-07-20,0.540567,0.319784
2021-07-21,0.256633,0.099641
2021-07-23,0.488010,0.401760
2021-07-25,0.396528,0.311811
2021-07-26,0.001866,0.000000
2021-07-28,0.025486,0.002336
2021-07-30,0.000000,0.000000
2021-07-31,0.000000,0.000000
2021-08-02,0.405512,0.212295
2021-08-04,0.994366,0.982230
2021-08-05,0.280803,0.087751
2021-08-07,0.274977,0.120533
2021-08-09,0.023089,0.000054
2021-08-10,0.321758,0.105729
2021-08-12,0.400608,0.220044
2021-08-14,0.751125,0.500858
2021-08-15,0.000000,0.000000
2021-08-17,0.143778,0.091476
2021-08-19,0.021829,0.000318
2021-08-20,0.313777,0.149195
2021-08-22,0.083680,0.004683
2021-08-24,0.801610,0.685432
2021-08-25,0.072660,0.004456
2021-08-27,0.000749,0.000000
2021-08-29,0.000221,0.000000
2021-08-30,0.001374,0.000000
2021-09-01,0.062402,0.015556
2021-09-03,0.000000,0.000000
2021-09-04,0.001238,0.000000
2021-09-06,0.000017,0.000000
2021-09-08,0.994224,0.983404
2021-09-09,0.001640,0.000000
2021-09-11,0.573284,0.330417
2021-09-13,0.138663,0.094466
2021-09-14,0.000000,0.000000
2021-09-16,0.599878,0.308628
2021-09-18,0.006837,0.000331
2021-09-19,0.104714,0.031882
2021-09-21,0.000000,0.000000
2021-09-23,0.379325,0.139354
2021-09-24,0.381079,0.110267
2021-09-26,0.301218,0.175089
2021-09-28,0.000000,0.000000
2021-09-29,0.683894,0.339319
2021-10-01,0.832465,0.523014
2021-10-03,0.464877,0.186304
2021-10-04,0.139445,0.029547
2021-10-06,0.423070,0.197894
2021-10-08,0.392219,0.182566
2021-10-09,0.000000,0.000000
2021-10-11,0.037262,0.004461
2021-10-13,0.486611,0.292426
2021-10-14,0.000001,0.000000
2021-10-16,0.050822,0.026357
2021-10-18,0.000000,0.000000
2021-10-19,0.005047,0.000000
2021-10-21,0.731922,0.437409
2021-10-23,0.000000,0.000000
2021-10-24,0.500269,0.369510
2021-10-26,0.000057,0.000000
2021-10-28,0.000000,0.000000
2021-10-29,0.077212,0.007316
2021-10-31,0.000000,0.000000
2021-11-02,0.610352,0.477646
2021-11-03,0.138735,0.018281
2021-11-05,0.825052,0.708657
2021-11-07,0.901354,0.637741
2021-11-08,0.072097,0.009901
2021-11-10,0.927109,0.837140
2021-11-12,0.013734,0.000000
2021-11-13,0.004033,0.000000
2021-11-15,0.000012,0.000000
2021-11-17,0.992375,0.971889
2021-11-18,0.000000,0.000000
2021-11-20,0.343827,0.240664
2021-11-22,0.668942,0.625255
2021-11-23,0.918654,0.825861
2021-11-25,0.316530,0.177100
2021-11-27,0.002086,0.000000
2021-11-28,0.282820,0.107342
2021-11-30,0.000089,0.000000
2021-12-02,0.362640,0.179166
2021-12-03,0.061963,0.034163
2021-12-05,0.029656,0.000374
2021-12-07,0.000000,0.000000
2021-12-08,0.077271,0.004970
2021-12-10,0.968995,0.924029
2021-12-12,0.000000,0.000000
2021-12-13,0.000000,0.000000
2021-12-15,0.000000,0.000000
2021-12-17,0.994057,0.982874
2021-12-18,0.992903,0.985815
2021-12-20,0.000118,0.000000
2021-12-22,0.000000,0.000000
2021-12-23,0.000000,0.000000
2021-12-25,0.146736,0.002620
2021-12-27,0.008717,0.000000
2021-12-28,0.005854,0.000014
2021-12-30,0.586976,0.416987
